timestamp,open,high,low,close,volume,quote_volume,trade_count,buy_vol,sell_vol,delta,cum_delta,delta_pct,buy_trades,sell_trades,avg_trade_size,max_trade,large_vol_1btc,large_trades_1btc,whale_vol_5btc,poc_price,poc_buy_vol,poc_sell_vol,footprint_top3,absorption
2025-06-17 05:30:00,106794.53,106828.75,106582.80,106587.18,170.6350,18203548.44,9035,55.0583,115.5767,-60.5184,-60.5184,-35.47,3810,5225,0.01889,4.6991,41.9141,22,0.0000,106680,9.6107,18.1167,106680:9.61:18.12;106670:6.25:21.32;106660:6.12:18.78,NO
2025-06-17 05:35:00,106587.19,106652.94,106157.59,106194.64,254.6723,27080090.14,17185,104.4042,150.2681,-45.8639,-106.3822,-18.01,7663,9522,0.01482,5.0010,45.3579,31,5.0010,106300,13.5946,10.2193,106300:13.59:10.22;106190:8.91:9.29;106180:8.17:7.85,NO
2025-06-17 05:40:00,106194.64,106515.23,106147.55,106231.89,287.3079,30537557.86,14984,182.5329,104.7749,77.7580,-28.6242,27.06,7974,7010,0.01917,10.0000,85.0510,30,35.9675,106300,74.0978,8.0363,106300:74.10:8.04;106240:24.29:5.29;106310:9.51:16.17,NO
2025-06-17 05:45:00,106231.90,106622.40,106115.35,106614.67,149.6006,15923869.32,10404,87.9525,61.6482,26.3043,-2.3199,17.58,6111,4293,0.01438,4.4718,22.5696,11,0.0000,106520,10.1638,5.3836,106520:10.16:5.38;106510:7.94:3.52;106540:2.68:8.67,NO
2025-06-17 05:50:00,106614.68,106837.21,106569.38,106671.55,107.4273,11464469.30,7265,46.6965,60.7309,-14.0344,-16.3543,-13.06,4244,3021,0.01479,5.0000,21.7818,10,5.0000,106660,7.1136,3.2973,106660:7.11:3.30;106730:4.88:4.63;106790:0.28:8.62,NO
2025-06-17 05:55:00,106671.56,106926.62,106671.55,106801.30,143.3453,15310671.73,6918,68.0761,75.2692,-7.1931,-23.5474,-5.02,3689,3229,0.02072,5.6552,28.3299,13,5.6552,106910,1.8300,10.4900,106910:1.83:10.49;106700:5.08:6.33;106900:5.65:4.44,NO
2025-06-17 06:00:00,106801.29,106896.58,106655.98,106792.82,62.8905,6715788.88,7706,34.6268,28.2637,6.3631,-17.1843,10.12,3958,3748,0.00816,1.6232,6.2295,5,0.0000,106860,5.4757,0.0995,106860:5.48:0.10;106760:2.13:2.77;106870:4.37:0.03,NO
2025-06-17 06:05:00,106792.81,106938.27,106734.47,106907.15,62.5136,6679005.23,7358,35.4192,27.0944,8.3248,-8.8596,13.32,4266,3092,0.00850,1.3885,2.5084,2,0.0000,106860,5.7558,0.2603,106860:5.76:0.26;106820:1.54:4.18;106780:3.24:1.85,NO
2025-06-17 06:10:00,106907.15,106993.78,106700.00,106739.99,43.5519,4655272.25,4847,17.9039,25.6480,-7.7442,-16.6038,-17.78,2459,2388,0.00899,1.0694,2.0979,2,0.0000,106960,1.5195,4.0940,106960:1.52:4.09;106980:1.61:1.69;106940:2.74:0.53,NO
2025-06-17 06:15:00,106740.00,106988.88,106740.00,106988.88,48.3421,5165437.87,4857,29.4673,18.8748,10.5925,-6.0113,21.91,3590,1267,0.00995,3.8294,11.3584,6,0.0000,106820,1.6365,6.7536,106820:1.64:6.75;106920:5.74:0.21;106800:3.14:1.22,NO
2025-06-17 06:20:00,106988.89,107262.31,106988.89,107162.79,91.9197,9851477.47,7846,68.5047,23.4150,45.0897,39.0784,49.05,5326,2520,0.01172,3.0271,16.0191,9,0.0000,107260,8.5857,1.9378,107260:8.59:1.94;107170:6.65:2.70;107240:7.53:1.27,NO
2025-06-17 06:25:00,107162.80,107259.83,107148.00,107238.63,56.7132,6079228.48,4106,29.7400,26.9732,2.7667,41.8451,4.88,2345,1761,0.01381,6.2038,15.0706,6,6.2038,107160,5.6340,14.0632,107160:5.63:14.06;107240:3.86:1.47;107210:4.50:0.82,NO
2025-06-17 06:30:00,107238.68,107310.74,107148.01,107199.22,48.9229,5245163.75,4834,26.3052,22.6177,3.6875,45.5326,7.54,2663,2171,0.01012,2.5000,10.4866,6,0.0000,107170,4.3624,8.2806,107170:4.36:8.28;107230:3.37:2.59;107270:2.28:2.24,NO
2025-06-17 06:35:00,107199.22,107209.31,107101.83,107116.03,33.9436,3636818.75,3058,10.2859,23.6577,-13.3718,32.1608,-39.39,1453,1605,0.01110,1.3618,4.8716,4,0.0000,107130,1.7189,5.8821,107130:1.72:5.88;107120:1.90:5.10;107140:1.20:3.43,NO
2025-06-17 06:40:00,107116.03,107224.61,106930.23,107123.36,44.0273,4714020.48,4867,17.6317,26.3956,-8.7639,23.3969,-19.91,2404,2463,0.00905,4.0000,6.5641,3,0.0000,107030,0.5657,4.6708,107030:0.57:4.67;107080:1.28:2.17;106970:1.51:1.91,NO
2025-06-17 06:45:00,107123.36,107215.96,107080.00,107126.41,20.8339,2232461.78,3760,12.8423,7.9916,4.8507,28.2476,23.28,1956,1804,0.00554,1.3058,2.3446,2,0.0000,107100,1.6620,1.6875,107100:1.66:1.69;107190:2.25:1.08;107160:1.34:1.34,NO
2025-06-17 06:50:00,107126.41,107162.80,107034.24,107069.76,24.4870,2622212.00,3138,12.7898,11.6971,1.0927,29.3403,4.46,1452,1686,0.00780,2.0000,3.4031,2,0.0000,107080,2.0216,2.0302,107080:2.02:2.03;107060:2.01:1.73;107090:2.55:1.06,NO
2025-06-17 06:55:00,107069.76,107086.85,106989.01,107030.54,16.3393,1748820.27,2607,5.5563,10.7830,-5.2266,24.1137,-31.99,1244,1363,0.00627,1.0598,1.0598,1,0.0000,107030,1.0265,3.8076,107030:1.03:3.81;107050:0.39:2.32;107010:2.18:0.15,NO
2025-06-17 07:00:00,107030.54,107399.00,107023.25,107235.71,58.2331,6241575.37,5506,38.0179,20.2152,17.8028,41.9164,30.57,3459,2047,0.01058,2.5339,15.8502,11,0.0000,107340,10.7792,0.1718,107340:10.78:0.17;107060:5.20:3.29;107020:1.40:4.34,NO
2025-06-17 07:05:00,107235.71,107235.72,106971.49,107079.81,49.9935,5352371.60,4676,24.8759,25.1177,-0.2418,41.6746,-0.48,2092,2584,0.01069,1.4652,5.0663,4,0.0000,107060,6.4516,2.8431,107060:6.45:2.84;107040:6.90:0.72;107020:2.99:1.88,NO
2025-06-17 07:10:00,107079.82,107100.00,107028.11,107072.00,11.4765,1228834.80,2219,4.6140,6.8625,-2.2485,39.4261,-19.59,1119,1100,0.00517,0.7539,0.0000,0,0.0000,107090,0.4471,2.4113,107090:0.45:2.41;107070:1.00:1.30;107060:1.39:0.85,NO
2025-06-17 07:15:00,107071.99,107218.37,107007.29,107192.49,20.6452,2211296.91,2499,12.6770,7.9682,4.7088,44.1349,22.81,1567,932,0.00826,4.0145,4.0145,1,0.0000,107090,4.4612,0.3083,107090:4.46:0.31;107020:0.59:1.94;107200:0.69:1.14,NO
2025-06-17 07:20:00,107192.48,107361.21,107190.13,107264.69,57.5676,6174047.45,3641,41.3931,16.1745,25.2186,69.3535,43.81,2010,1631,0.01581,1.4205,6.1353,5,0.0000,107200,6.2097,2.1779,107200:6.21:2.18;107210:5.68:2.69;107230:5.24:3.05,NO
2025-06-17 07:25:00,107264.70,107341.50,107162.79,107173.51,51.1201,5482333.30,2933,23.2607,27.8595,-4.5988,64.7547,-9.00,1395,1538,0.01743,2.5000,3.7948,2,0.0000,107200,0.1946,5.8278,107200:0.19:5.83;107310:3.30:1.88;107260:2.58:1.86,NO
2025-06-17 07:30:00,107173.51,107220.00,107052.00,107100.00,23.1835,2483364.54,2859,7.2806,15.9029,-8.6223,56.1324,-37.19,1486,1373,0.00811,2.6582,6.6180,3,0.0000,107050,2.9152,2.3308,107050:2.92:2.33;107070:0.56:3.75;107200:0.47:1.34,NO
2025-06-17 07:35:00,107100.00,107197.18,107083.13,107164.09,16.7855,1798627.54,2582,6.8875,9.8980,-3.0104,53.1219,-17.93,1443,1139,0.00650,1.0000,1.0000,1,0.0000,107180,0.6407,3.4085,107180:0.64:3.41;107170:1.20:2.48;107100:1.19:0.56,NO
2025-06-17 07:40:00,107164.09,107164.10,106991.86,107049.04,30.5841,3275036.07,2897,8.3411,22.2430,-13.9019,39.2200,-45.45,1124,1773,0.01056,2.1601,2.1601,1,0.0000,107110,2.9193,1.2186,107110:2.92:1.22;107050:1.11:1.79;107120:0.56:2.13,NO
2025-06-17 07:45:00,107049.04,107049.04,106777.16,106830.96,46.4481,4966107.60,4054,9.0440,37.4041,-28.3600,10.8600,-61.06,1259,2795,0.01146,2.9599,8.5219,4,0.0000,107030,0.6494,5.1940,107030:0.65:5.19;107020:0.79:5.04;106790:1.31:4.10,NO
2025-06-17 07:50:00,106830.96,106897.53,106796.00,106837.20,24.0240,2567157.98,2512,9.1253,14.8986,-5.7732,5.0868,-24.03,1336,1176,0.00956,0.8076,0.0000,0,0.0000,106870,1.7620,3.2095,106870:1.76:3.21;106850:1.98:2.36;106860:1.46:2.75,NO
2025-06-17 07:55:00,106837.20,106837.20,106697.67,106701.79,32.4875,3468253.76,3498,8.8762,23.6113,-14.7352,-9.6484,-45.36,1411,2087,0.00929,1.2219,1.2219,1,0.0000,106790,1.1595,5.9885,106790:1.16:5.99;106760:1.95:4.28;106740:1.75:3.43,NO
2025-06-17 08:00:00,106701.79,106744.19,106572.08,106577.63,58.3702,6226363.73,4283,19.1270,39.2432,-20.1163,-29.7646,-34.46,1681,2602,0.01363,3.0000,12.3774,7,0.0000,106720,1.4882,6.4327,106720:1.49:6.43;106670:4.19:2.10;106640:0.75:5.30,NO
2025-06-17 08:05:00,106577.63,106865.27,106572.07,106854.21,37.5204,4005333.21,3048,28.9899,8.5306,20.4593,-9.3053,54.53,2361,687,0.01231,3.0884,8.7579,5,0.0000,106810,1.7934,2.6084,106810:1.79:2.61;106840:3.62:0.70;106580:3.52:0.76,NO
2025-06-17 08:10:00,106854.22,106961.47,106846.87,106940.22,24.6883,2639411.14,2068,17.5529,7.1353,10.4176,1.1123,42.20,1266,802,0.01194,0.9735,0.0000,0,0.0000,106930,2.2370,2.2554,106930:2.24:2.26;106910:2.69:1.41;106870:2.39:0.71,NO
2025-06-17 08:15:00,106940.22,106948.00,106711.84,106827.22,44.0126,4700944.99,3226,22.7621,21.2505,1.5115,2.6238,3.43,1325,1901,0.01364,3.5445,9.1059,5,0.0000,106830,6.7871,1.4440,106830:6.79:1.44;106710:4.86:1.35;106800:0.73:2.78,NO
2025-06-17 08:20:00,106827.23,107314.83,106827.22,107308.00,85.4355,9150901.33,6521,68.3901,17.0454,51.3447,53.9685,60.10,4907,1614,0.01310,1.9486,8.8777,6,0.0000,106940,11.4815,0.2103,106940:11.48:0.21;106930:8.12:0.00;107200:1.53:5.93,NO
2025-06-17 08:25:00,107308.01,107600.00,107308.00,107482.39,128.4141,13801179.87,7474,88.8115,39.6027,49.2088,103.1773,38.32,4795,2679,0.01718,2.5627,36.4243,22,0.0000,107500,12.1525,6.0414,107500:12.15:6.04;107460:12.72:1.12;107490:6.91:6.77,NO
2025-06-17 08:30:00,107482.40,107525.47,107364.89,107412.31,57.4743,6173128.51,3667,17.7642,39.7101,-21.9459,81.2314,-38.18,1721,1946,0.01567,2.6826,18.0622,9,0.0000,107380,4.4500,12.5396,107380:4.45:12.54;107370:2.22:7.92;107420:3.59:3.36,NO
2025-06-17 08:35:00,107412.32,107658.07,107368.21,107568.49,55.4087,5958435.82,4448,33.3273,22.0813,11.2460,92.4774,20.30,2618,1830,0.01246,2.0024,7.4732,5,0.0000,107650,4.9441,4.5341,107650:4.94:4.53;107580:2.04:5.61;107420:2.28:1.45,NO
2025-06-17 08:40:00,107568.50,107771.34,107554.06,107574.78,76.7892,8266548.83,5579,44.9245,31.8647,13.0598,105.5372,17.01,3126,2453,0.01376,1.6520,9.5675,8,0.0000,107700,6.9007,0.1318,107700:6.90:0.13;107600:3.29:3.09;107670:1.85:4.01,NO
2025-06-17 08:45:00,107574.44,107603.36,107441.86,107470.65,65.8580,7083452.99,2701,12.9386,52.9194,-39.9808,65.5564,-60.71,1085,1616,0.02438,4.0171,28.2017,10,0.0000,107600,1.4506,19.5459,107600:1.45:19.55;107590:4.24:3.54;107460:0.72:6.50,NO
2025-06-17 08:50:00,107470.66,107546.83,107448.27,107466.15,28.7504,3090903.80,1977,15.9748,12.7755,3.1994,68.7558,11.13,869,1108,0.01454,4.3179,7.9111,3,0.0000,107530,5.0379,0.6917,107530:5.04:0.69;107500:3.14:2.25;107540:2.68:1.88,NO
2025-06-17 08:55:00,107466.15,107547.18,107402.74,107405.38,39.4966,4244962.79,2670,20.3024,19.1942,1.1081,69.8639,2.81,1213,1457,0.01479,1.5000,2.9016,2,0.0000,107490,2.0103,4.0327,107490:2.01:4.03;107440:3.48:2.10;107500:5.24:0.24,NO
2025-06-17 09:00:00,107405.38,107568.12,107405.38,107531.33,23.3358,2508875.99,2928,9.3336,14.0022,-4.6687,65.1952,-20.01,1861,1067,0.00797,1.6237,1.6237,1,0.0000,107540,1.6984,5.7996,107540:1.70:5.80;107460:1.05:1.92;107500:1.25:0.90,NO
2025-06-17 09:05:00,107531.33,107644.92,107501.55,107535.01,60.5846,6516975.78,3118,27.2014,33.3832,-6.1818,59.0134,-10.20,1490,1628,0.01943,5.1539,18.9504,8,5.1539,107520,2.7537,6.9569,107520:2.75:6.96;107570:0.25:7.17;107590:1.33:5.20,NO
2025-06-17 09:10:00,107535.01,107574.39,107488.37,107488.37,17.8076,1914886.71,1872,10.8574,6.9503,3.9071,62.9205,21.94,748,1124,0.00951,0.9210,0.0000,0,0.0000,107520,6.9668,1.9523,107520:6.97:1.95;107540:1.75:1.37;107500:1.07:0.67,NO
2025-06-17 09:15:00,107488.38,107735.21,107458.21,107615.07,58.6848,6316435.82,3496,44.6642,14.0205,30.6437,93.5643,52.22,1984,1512,0.01679,4.0798,10.3372,5,0.0000,107680,6.8459,0.1729,107680:6.85:0.17;107580:5.74:0.00;107700:4.57:0.97,NO
2025-06-17 09:20:00,107615.07,107684.28,107555.87,107575.70,43.9237,4726248.21,2896,6.6998,37.2239,-30.5241,63.0401,-69.49,1276,1620,0.01517,10.5330,17.1981,4,10.5330,107590,0.2797,17.6236,107590:0.28:17.62;107580:1.60:8.62;107600:0.78:2.79,NO
2025-06-17 09:25:00,107575.70,107601.57,107547.63,107590.41,29.3755,3160244.34,2145,18.3420,11.0335,7.3085,70.3487,24.88,989,1156,0.01369,1.3814,5.6119,5,0.0000,107580,12.0110,3.0881,107580:12.01:3.09;107570:2.24:1.40;107600:0.23:2.71,NO
2025-06-17 09:30:00,107590.41,107674.42,107577.05,107615.39,32.1706,3462262.96,3605,20.1245,12.0461,8.0784,78.4270,25.11,1905,1700,0.00892,2.0020,4.8995,3,0.0000,107650,2.0636,2.7768,107650:2.06:2.78;107570:4.01:0.14;107640:2.51:1.22,NO
2025-06-17 09:35:00,107615.38,107660.00,107534.88,107626.50,37.7157,4058296.05,2602,25.8709,11.8447,14.0262,92.4532,37.19,1139,1463,0.01449,10.6854,13.0555,3,10.6854,107600,11.4115,1.8539,107600:11.41:1.85;107610:8.99:1.85;107580:0.80:2.09,YES
2025-06-17 09:40:00,107626.50,107711.06,107562.66,107652.91,26.7635,2880711.75,3132,9.5708,17.1928,-7.6220,84.8313,-28.48,1478,1654,0.00855,0.8475,0.0000,0,0.0000,107620,0.6451,4.6342,107620:0.65:4.63;107630:0.36:3.57;107610:1.95:1.76,NO
2025-06-17 09:45:00,107652.92,107674.42,107540.00,107580.00,23.3473,2512088.86,3456,12.1590,11.1883,0.9707,85.8020,4.16,1503,1953,0.00676,0.6589,0.0000,0,0.0000,107580,3.5814,1.8360,107580:3.58:1.84;107600:1.65:1.07;107610:1.13:1.27,NO
2025-06-17 09:50:00,107580.00,107586.74,107476.52,107547.03,16.6897,1794501.58,1897,6.1080,10.5817,-4.4736,81.3283,-26.80,813,1084,0.00880,0.7155,0.0000,0,0.0000,107520,1.2290,2.1832,107520:1.23:2.18;107530:0.33:2.95;107500:1.86:1.32,NO
2025-06-17 09:55:00,107547.04,107581.40,107479.12,107489.88,17.4320,1874424.10,1886,8.2630,9.1690,-0.9060,80.4224,-5.20,731,1155,0.00924,2.1944,3.7196,2,0.0000,107530,4.1696,1.0175,107530:4.17:1.02;107490:0.95:3.63;107560:1.18:0.28,NO
2025-06-17 10:00:00,107489.88,107512.78,107389.26,107448.66,41.1807,4423619.46,2503,6.1861,34.9946,-28.8085,51.6138,-69.96,926,1577,0.01645,2.3176,7.7980,5,0.0000,107400,0.6903,16.0815,107400:0.69:16.08;107390:1.40:7.08;107440:1.08:2.50,NO
2025-06-17 10:05:00,107448.67,107448.67,107340.75,107379.04,37.2710,4002762.75,1898,4.3335,32.9375,-28.6040,23.0098,-76.75,626,1272,0.01964,2.1517,9.0308,6,0.0000,107390,0.5863,8.4307,107390:0.59:8.43;107380:1.36:6.19;107400:0.20:6.18,NO
2025-06-17 10:10:00,107379.05,107386.00,107303.01,107348.81,16.3386,1753911.43,1629,4.6233,11.7153,-7.0920,15.9178,-43.41,678,951,0.01003,1.1134,1.1134,1,0.0000,107310,1.5063,1.1984,107310:1.51:1.20;107340:0.29:2.27;107370:0.33:1.95,NO
2025-06-17 10:15:00,107348.82,107417.20,107348.81,107417.05,46.0559,4945925.10,2130,36.0674,9.9885,26.0790,41.9967,56.62,1260,870,0.02162,4.1224,17.0888,6,0.0000,107380,19.5105,3.4298,107380:19.51:3.43;107400:5.87:2.20;107410:3.46:1.80,NO
2025-06-17 10:20:00,107417.04,107437.91,107324.35,107324.35,18.3341,1968947.54,1645,4.3423,13.9918,-9.6494,32.3473,-52.63,543,1102,0.01115,3.0000,6.6813,3,0.0000,107420,2.0071,2.8091,107420:2.01:2.81;107360:0.12:4.07;107400:0.96:1.62,NO
2025-06-17 10:25:00,107324.36,107418.30,107320.22,107333.64,10.9720,1177883.77,1558,6.9861,3.9859,3.0002,35.3475,27.34,784,774,0.00704,0.7026,0.0000,0,0.0000,107330,2.1548,1.2958,107330:2.15:1.30;107320:0.97:0.68;107360:1.11:0.50,NO
2025-06-17 10:30:00,107333.64,107348.84,107315.45,107335.22,11.7149,1257406.12,1217,5.4879,6.2270,-0.7390,34.6085,-6.31,647,570,0.00963,1.0000,1.0000,1,0.0000,107340,1.2157,3.2502,107340:1.22:3.25;107330:1.46:2.57;107320:2.49:0.21,NO
2025-06-17 10:35:00,107335.23,107403.99,107316.28,107316.28,34.8139,3737313.88,1556,9.6100,25.2038,-15.5938,19.0147,-44.79,714,842,0.02237,2.6997,10.0120,5,0.0000,107340,2.6173,8.6251,107340:2.62:8.63;107320:0.21:8.19;107390:3.95:0.23,YES
2025-06-17 10:40:00,107316.28,107316.28,107224.08,107272.88,62.9394,6752096.36,2855,25.7941,37.1454,-11.3513,7.6634,-18.04,1413,1442,0.02205,10.0000,22.5965,5,15.9576,107280,3.1348,15.2224,107280:3.13:15.22;107260:13.91:2.20;107300:1.13:8.87,NO
2025-06-17 10:45:00,107272.88,107309.47,107131.14,107255.82,58.5576,6280011.03,5003,16.1246,42.4330,-26.3084,-18.6450,-44.93,2867,2136,0.01170,5.0000,15.0915,7,5.0000,107280,2.6579,11.2014,107280:2.66:11.20;107270:1.00:7.65;107260:1.25:4.17,YES
2025-06-17 10:50:00,107255.82,107255.82,107040.00,107101.35,70.0034,7501085.60,3781,17.6504,52.3530,-34.7027,-53.3476,-49.57,1551,2230,0.01851,2.2223,10.4318,7,0.0000,107050,1.2610,7.5142,107050:1.26:7.51;107180:3.78:2.63;107200:3.82:2.55,NO
2025-06-17 10:55:00,107101.36,107255.55,107092.00,107229.14,42.3538,4539035.57,3243,27.4143,14.9395,12.4749,-40.8728,29.45,2277,966,0.01306,1.4043,4.0080,3,0.0000,107160,4.1606,2.7300,107160:4.16:2.73;107090:5.36:0.29;107250:2.46:1.62,NO
2025-06-17 11:00:00,107229.15,107279.56,107172.82,107222.06,24.3363,2609085.44,2426,11.3335,13.0028,-1.6694,-42.5421,-6.86,1420,1006,0.01003,0.6000,0.0000,0,0.0000,107200,2.6132,4.0768,107200:2.61:4.08;107180:1.68:2.60;107190:1.59:2.28,NO
2025-06-17 11:05:00,107222.06,107300.00,107201.22,107284.67,14.1438,1517059.58,1701,8.5870,5.5568,3.0302,-39.5119,21.42,1120,581,0.00831,1.3461,2.3461,2,0.0000,107250,2.8173,0.2104,107250:2.82:0.21;107290:0.32:2.37;107260:1.47:0.96,NO
2025-06-17 11:10:00,107284.67,107284.67,107180.20,107185.83,25.5466,2738635.00,1624,5.1711,20.3755,-15.2044,-54.7163,-59.52,637,987,0.01573,4.3050,11.8577,3,0.0000,107190,1.2698,15.5425,107190:1.27:15.54;107180:2.51:1.32;107240:1.07:0.78,NO
2025-06-17 11:15:00,107185.83,107185.83,107044.12,107044.51,24.9303,2669910.54,2457,7.7427,17.1876,-9.4448,-64.1611,-37.88,1009,1448,0.01015,1.8870,3.4120,2,0.0000,107070,2.8211,4.5887,107070:2.82:4.59;107080:0.42:5.26;107140:1.74:0.96,NO
2025-06-17 11:20:00,107044.52,107177.22,107044.51,107122.72,53.7600,5758199.68,2857,44.5047,9.2553,35.2494,-28.9118,65.57,1802,1055,0.01882,4.3831,12.5622,5,0.0000,107110,6.9374,1.0984,107110:6.94:1.10;107100:7.29:0.10;107060:4.87:2.48,NO
2025-06-17 11:25:00,107122.73,107150.88,107053.53,107122.02,44.2908,4744233.57,2105,20.5398,23.7510,-3.2112,-32.1230,-7.25,1121,984,0.02104,5.0000,26.9546,10,5.0000,107110,2.4733,10.7454,107110:2.47:10.75;107120:9.35:0.69;107140:3.75:2.11,NO
2025-06-17 11:30:00,107122.01,107169.88,107077.82,107159.99,27.2016,2914107.94,2817,17.7400,9.4617,8.2783,-23.8447,30.43,1565,1252,0.00966,1.2176,2.4051,2,0.0000,107140,5.1253,2.9315,107140:5.13:2.93;107130:3.60:1.16;107150:1.85:1.76,NO
2025-06-17 11:35:00,107160.00,107210.37,107048.75,107196.47,33.9666,3638921.62,3106,16.3690,17.5976,-1.2286,-25.0733,-3.62,1746,1360,0.01094,1.0000,0.0000,0,0.0000,107140,1.6470,3.8371,107140:1.65:3.84;107150:0.96:3.92;107120:2.92:0.76,NO
2025-06-17 11:40:00,107196.47,107234.94,107183.61,107208.03,19.6977,2111782.98,1731,7.6383,12.0593,-4.4210,-29.4943,-22.44,877,854,0.01138,1.3718,2.4909,2,0.0000,107210,1.9721,3.4597,107210:1.97:3.46;107200:3.29:1.82;107220:0.41:3.96,NO
2025-06-17 11:45:00,107208.03,107208.03,106975.30,107024.56,29.3839,3147076.56,2982,13.0450,16.3389,-3.2938,-32.7881,-11.21,857,2125,0.00985,1.3287,1.3287,1,0.0000,107150,4.7204,1.8796,107150:4.72:1.88;106990:2.64:1.38;107160:1.89:2.07,NO
2025-06-17 11:50:00,107024.56,107060.00,106941.44,106976.74,14.7008,1572832.94,2196,5.2523,9.4485,-4.1961,-36.9842,-28.54,966,1230,0.00669,0.7695,0.0000,0,0.0000,106990,0.3367,2.2965,106990:0.34:2.30;106960:0.76:1.42;106940:1.08:1.00,NO
2025-06-17 11:55:00,106976.75,107007.62,106940.91,107007.62,35.3227,3778410.33,1774,20.5660,14.7567,5.8092,-31.1750,16.45,1147,627,0.01991,1.8124,3.0910,2,0.0000,106980,9.6906,0.6032,106980:9.69:0.60;106950:3.10:4.79;106940:1.99:5.65,NO
2025-06-17 12:00:00,107007.62,107012.71,106900.00,106978.66,57.8061,6184181.57,3242,41.9340,15.8720,26.0620,-5.1130,45.09,1643,1599,0.01783,1.9780,3.4246,2,0.0000,107010,10.8740,2.3491,107010:10.87:2.35;106980:9.72:2.79;106950:9.55:1.11,NO
2025-06-17 12:05:00,106978.65,106978.66,106911.56,106930.17,26.4751,2831391.08,2738,11.5968,14.8783,-3.2815,-8.3945,-12.39,1090,1648,0.00967,2.0000,3.6488,2,0.0000,106950,1.3975,7.0772,106950:1.40:7.08;106930:4.76:0.96;106940:1.71:1.95,NO
2025-06-17 12:10:00,106930.17,106988.01,106924.03,106930.41,24.2279,2591258.89,2054,12.1642,12.0636,0.1006,-8.2939,0.42,943,1111,0.01180,3.1278,3.1278,1,0.0000,106960,5.5515,3.1806,106960:5.55:3.18;106930:1.86:3.67;106970:3.00:0.13,NO
2025-06-17 12:15:00,106930.41,106930.42,106724.00,106780.00,70.0324,7480805.13,4604,15.7410,54.2913,-38.5503,-46.8442,-55.05,1416,3188,0.01521,1.6164,7.1028,6,0.0000,106790,0.9610,5.8403,106790:0.96:5.84;106900:0.00:6.19;106880:0.29:5.44,NO
2025-06-17 12:20:00,106780.00,106881.72,106780.00,106864.00,15.5766,1664121.79,2290,9.5224,6.0542,3.4683,-43.3760,22.27,1178,1112,0.00680,1.9396,1.9396,1,0.0000,106800,3.1887,1.9024,106800:3.19:1.90;106870:1.87:1.70;106860:1.53:1.55,NO
2025-06-17 12:25:00,106864.00,106864.01,106790.69,106832.91,32.8232,3505875.97,2449,10.1211,22.7021,-12.5811,-55.9570,-38.33,953,1496,0.01340,10.0000,11.0321,2,10.0000,106800,2.5422,15.9853,106800:2.54:15.99;106820:2.20:2.85;106810:1.43:0.99,NO
2025-06-17 12:30:00,106832.92,106879.48,106802.60,106822.01,27.7795,2968101.74,2997,14.3076,13.4719,0.8357,-55.1213,3.01,1409,1588,0.00927,1.4973,2.9177,2,0.0000,106850,4.8093,6.0536,106850:4.81:6.05;106830:2.04:2.76;106820:3.42:0.64,NO
2025-06-17 12:35:00,106822.01,106875.56,106800.00,106816.56,19.6491,2099038.64,2344,9.9820,9.6670,0.3150,-54.8063,1.60,1259,1085,0.00838,0.6214,0.0000,0,0.0000,106810,2.2863,2.7858,106810:2.29:2.79;106800:3.16:1.45;106830:1.76:1.02,NO
2025-06-17 12:40:00,106816.56,106837.21,106700.00,106718.33,38.8468,4147353.97,2479,14.1607,24.6861,-10.5253,-65.3316,-27.09,988,1491,0.01567,2.0000,15.4981,9,0.0000,106700,6.8392,3.6060,106700:6.84:3.61;106830:2.64:5.05;106710:2.17:5.01,NO
2025-06-17 12:45:00,106718.34,106751.94,106700.01,106705.85,29.2498,3121542.33,2370,12.0377,17.2121,-5.1745,-70.5061,-17.69,1449,921,0.01234,2.0000,7.0901,4,0.0000,106700,3.8767,9.1174,106700:3.88:9.12;106730:4.41:1.03;106710:1.64:3.07,NO
2025-06-17 12:50:00,106705.85,106705.85,106581.09,106617.54,35.6980,3806466.94,4092,14.0168,21.6813,-7.6645,-78.1706,-21.47,1656,2436,0.00872,2.0832,4.6166,3,0.0000,106600,6.4106,3.5517,106600:6.41:3.55;106640:1.54:7.52;106610:2.05:1.91,NO
2025-06-17 12:55:00,106617.55,106632.32,106491.17,106491.17,69.6235,7417231.07,3755,8.9136,60.7099,-51.7964,-129.9669,-74.39,1055,2700,0.01854,5.1200,25.2565,13,5.1200,106500,0.6169,38.6793,106500:0.62:38.68;106600:3.06:2.22;106590:2.58:1.99,NO
2025-06-17 13:00:00,106491.17,106683.42,106481.60,106590.05,67.8204,7230528.24,4134,40.6505,27.1699,13.4805,-116.4864,19.88,2080,2054,0.01641,2.7310,17.8308,11,0.0000,106660,5.1411,4.1058,106660:5.14:4.11;106670:5.01:3.46;106630:3.08:4.08,NO
2025-06-17 13:05:00,106590.06,106696.45,106556.56,106638.00,61.6250,6570537.39,3540,17.4521,44.1729,-26.7208,-143.2072,-43.36,1608,1932,0.01741,1.5032,5.2868,4,0.0000,106590,1.0333,8.6540,106590:1.03:8.65;106630:3.05:6.08;106640:0.75:5.87,NO
2025-06-17 13:10:00,106638.00,106656.00,106591.30,106656.00,47.1805,5030863.99,2151,24.2671,22.9134,1.3537,-141.8535,2.87,1143,1008,0.02193,5.5973,10.8673,3,5.5973,106640,11.1027,7.4274,106640:11.10:7.43;106630:5.81:6.27;106600:3.89:2.90,NO
2025-06-17 13:15:00,106655.99,106744.01,106630.23,106734.52,43.3412,4623244.93,2636,20.3845,22.9567,-2.5723,-144.4257,-5.93,1540,1096,0.01644,0.9970,0.0000,0,0.0000,106650,4.9117,8.3897,106650:4.91:8.39;106640:5.26:5.17;106680:1.37:3.70,NO
2025-06-17 13:20:00,106734.51,106782.54,106713.65,106782.53,41.9554,4478354.00,2436,16.3969,25.5585,-9.1616,-153.5873,-21.84,1520,916,0.01722,1.8735,1.8735,1,0.0000,106730,2.2332,6.2204,106730:2.23:6.22;106710:1.76:5.91;106720:2.88:3.77,NO
2025-06-17 13:25:00,106782.53,106789.06,106753.32,106758.52,35.3087,3769968.92,1534,15.1317,20.1770,-5.0453,-158.6326,-14.29,705,829,0.02302,3.5758,5.7351,3,0.0000,106780,3.0876,8.0900,106780:3.09:8.09;106750:6.48:4.66;106760:4.15:2.62,NO
2025-06-17 13:30:00,106758.52,106766.84,106678.95,106722.82,60.8488,6494895.10,3884,24.8510,35.9978,-11.1467,-169.7794,-18.32,2081,1803,0.01567,7.6838,10.8321,4,7.6838,106750,7.4278,15.1160,106750:7.43:15.12;106720:2.55:5.70;106730:1.38:6.85,NO
2025-06-17 13:35:00,106722.82,106722.82,106670.59,106701.99,21.1410,2255707.24,2181,14.6017,6.5393,8.0624,-161.7170,38.14,1062,1119,0.00969,0.7933,0.0000,0,0.0000,106680,5.1224,1.2238,106680:5.12:1.22;106690:2.97:0.87;106710:1.49:1.58,NO
2025-06-17 13:40:00,106701.99,106764.99,106700.00,106744.15,35.2607,3763135.23,2378,26.3908,8.8698,17.5210,-144.1960,49.69,1411,967,0.01483,2.5772,4.1708,2,0.0000,106730,9.9636,2.8586,106730:9.96:2.86;106700:6.50:1.03;106710:5.09:1.81,NO
2025-06-17 13:45:00,106744.15,106744.15,106692.04,106721.83,12.2094,1302924.23,1859,4.8526,7.3568,-2.5042,-146.7002,-20.51,993,866,0.00657,0.4794,0.0000,0,0.0000,106710,0.9043,3.1076,106710:0.90:3.11;106690:1.14:1.16;106720:1.30:0.87,NO
2025-06-17 13:50:00,106721.84,106721.84,106589.64,106604.47,21.9712,2343520.65,2646,7.8691,14.1022,-6.2331,-152.9333,-28.37,1054,1592,0.00830,1.2007,2.3278,2,0.0000,106650,0.6961,4.5344,106650:0.70:4.53;106700:1.45:1.84;106690:2.10:0.55,NO
2025-06-17 13:55:00,106604.48,106822.78,106604.47,106812.01,27.1145,2894845.17,3018,14.1553,12.9592,1.1961,-151.7372,4.41,2261,757,0.00898,3.3492,7.3492,4,0.0000,106810,2.6043,6.1280,106810:2.60:6.13;106800:2.51:2.76;106690:0.46:1.98,NO
2025-06-17 14:00:00,106812.01,106820.00,106756.16,106757.40,22.7280,2427218.90,2050,15.2820,7.4460,7.8360,-143.9012,34.48,1174,876,0.01109,1.4850,4.0498,3,0.0000,106790,8.6922,2.3138,106790:8.69:2.31;106800:1.86:1.87;106810:2.07:0.69,NO
2025-06-17 14:05:00,106757.39,106757.40,106552.61,106552.61,19.3180,2060091.12,2766,5.8823,13.4357,-7.5533,-151.4545,-39.10,1047,1719,0.00698,0.9883,0.0000,0,0.0000,106640,1.7825,1.1426,106640:1.78:1.14;106620:1.05:1.55;106590:0.00:2.19,NO
2025-06-17 14:10:00,106552.62,106556.64,106484.89,106490.34,30.8780,3289452.99,2184,8.1097,22.7683,-14.6586,-166.1131,-47.47,1007,1177,0.01414,2.6719,10.1798,7,0.0000,106530,3.1574,12.2806,106530:3.16:12.28;106550:0.95:2.80;106500:0.04:3.41,NO
2025-06-17 14:15:00,106490.35,106600.00,106490.34,106520.00,25.0815,2672702.47,2251,8.6146,16.4668,-7.8522,-173.9653,-31.31,1283,968,0.01114,1.0553,2.0898,2,0.0000,106590,1.5086,5.7293,106590:1.51:5.73;106530:0.06:5.26;106490:1.79:0.31,NO
2025-06-17 14:20:00,106520.00,106656.89,106499.75,106533.35,58.2805,6210258.30,3705,20.9319,37.3486,-16.4167,-190.3820,-28.17,2243,1462,0.01573,5.5920,18.0088,7,5.5920,106520,1.3510,13.9528,106520:1.35:13.95;106550:3.40:10.81;106500:2.93:0.72,NO
2025-06-17 14:25:00,106533.36,106579.94,106490.34,106568.06,28.0398,2987531.89,3005,16.7006,11.3393,5.3613,-185.0207,19.12,1774,1231,0.00933,1.0000,1.0000,1,0.0000,106570,2.0351,4.0314,106570:2.04:4.03;106520:2.90:2.22;106560:3.43:1.48,NO
2025-06-17 14:30:00,106568.06,106655.82,106532.40,106636.11,46.8517,4993669.42,3586,29.2397,17.6120,11.6277,-173.3930,24.82,2141,1445,0.01307,5.9772,9.5418,4,5.9772,106560,9.0527,3.2574,106560:9.05:3.26;106540:2.38:2.87;106620:3.06:1.64,NO
2025-06-17 14:35:00,106636.12,106636.12,106383.31,106455.72,60.4027,6430808.42,3774,12.1533,48.2494,-36.0960,-209.4890,-59.76,1089,2685,0.01600,3.6517,19.7237,11,0.0000,106400,0.3705,16.2056,106400:0.37:16.21;106410:4.51:3.65;106450:0.33:6.85,NO
2025-06-17 14:40:00,106455.73,106499.00,106416.00,106459.55,33.6184,3578710.47,2321,10.6796,22.9387,-12.2591,-221.7481,-36.47,1270,1051,0.01448,2.5933,8.0960,5,0.0000,106430,0.7516,7.4357,106430:0.75:7.44;106450:3.56:4.61;106440:1.71:5.27,YES
2025-06-17 14:45:00,106459.56,106480.01,106413.25,106447.70,22.0966,2352352.89,2817,12.8648,9.2318,3.6330,-218.1151,16.44,1615,1202,0.00784,1.5332,1.5332,1,0.0000,106450,4.0752,2.7746,106450:4.08:2.77;106470:2.78:2.67;106440:2.08:1.70,NO
2025-06-17 14:50:00,106447.71,106491.86,106338.47,106467.96,66.8318,7111107.31,3879,34.1410,32.6908,1.4501,-216.6650,2.17,2103,1776,0.01723,3.1217,10.4550,6,0.0000,106330,11.0775,0.0851,106330:11.08:0.09;106420:3.03:8.06;106400:3.81:5.38,NO
2025-06-17 14:55:00,106467.97,106467.97,106389.23,106404.47,22.0808,2349812.43,2395,12.7234,9.3574,3.3660,-213.2990,15.24,1293,1102,0.00922,5.0000,8.8779,3,5.0000,106410,6.6802,1.0347,106410:6.68:1.03;106400:0.86:3.96;106420:2.66:1.51,NO
2025-06-17 15:00:00,106404.47,106441.07,106344.56,106344.57,24.6439,2622034.59,2429,12.5691,12.0748,0.4942,-212.8048,2.01,1233,1196,0.01015,1.4382,2.4382,2,0.0000,106370,4.9198,1.9585,106370:4.92:1.96;106400:1.18:3.54;106420:1.66:1.11,NO
2025-06-17 15:05:00,106344.56,106372.10,106132.13,106208.32,102.6687,10907893.47,5236,36.5182,66.1505,-29.6323,-242.4371,-28.86,2008,3228,0.01961,3.2987,31.1168,16,0.0000,106160,4.3802,7.5814,106160:4.38:7.58;106300:1.00:7.47;106200:1.39:7.01,NO
2025-06-17 15:10:00,106208.33,106264.94,106166.94,106264.93,47.1517,5008641.86,3683,29.3078,17.8439,11.4639,-230.9732,24.31,2268,1415,0.01280,7.2260,12.8702,5,7.2260,106220,6.7724,4.0037,106220:6.77:4.00;106210:8.65:0.36;106230:3.95:2.08,NO
2025-06-17 15:15:00,106264.94,106284.49,106188.55,106271.16,42.5345,4518834.35,2720,21.3751,21.1594,0.2157,-230.7575,0.51,1489,1231,0.01564,4.3153,12.4879,7,0.0000,106240,8.8354,8.6524,106240:8.84:8.65;106200:0.40:4.46;106230:3.45:1.07,NO
2025-06-17 15:20:00,106271.17,106280.00,106162.86,106220.71,39.9950,4248350.92,3280,22.0800,17.9150,4.1650,-226.5925,10.41,1630,1650,0.01219,3.0475,9.7703,6,0.0000,106240,7.7326,0.5522,106240:7.73:0.55;106200:0.98:6.00;106180:2.48:3.36,NO
2025-06-17 15:25:00,106220.72,106220.72,106069.55,106160.57,199.0865,21127908.29,4678,69.8922,129.1943,-59.3020,-285.8945,-29.79,1935,2743,0.04256,4.3915,66.7950,35,0.0000,106110,8.7812,21.8476,106110:8.78:21.85;106100:3.97:22.95;106090:5.25:18.45,NO
2025-06-17 15:30:00,106160.58,106248.43,106121.53,106121.54,35.6118,3781558.29,2933,24.1869,11.4249,12.7620,-273.1325,35.84,1481,1452,0.01214,1.2440,3.4466,3,0.0000,106210,4.2990,0.5071,106210:4.30:0.51;106190:4.04:0.10;106220:3.27:0.62,NO
2025-06-17 15:35:00,106121.53,106173.03,106040.00,106070.09,77.7720,8251508.12,4152,23.3696,54.4024,-31.0328,-304.1653,-39.90,2016,2136,0.01873,3.2546,20.4133,11,0.0000,106100,3.6618,14.4843,106100:3.66:14.48;106070:6.41:5.11;106120:2.66:7.83,NO
2025-06-17 15:40:00,106070.09,106146.40,106052.11,106088.17,55.7251,5912182.95,3026,25.3434,30.3816,-5.0382,-309.2035,-9.04,1569,1457,0.01842,2.0527,9.7204,7,0.0000,106110,4.4005,5.9341,106110:4.40:5.93;106070:4.30:5.69;106120:1.91:6.93,NO
2025-06-17 15:45:00,106088.17,106150.00,106068.71,106081.80,28.5223,3026104.32,2409,16.8268,11.6954,5.1314,-304.0722,17.99,1292,1117,0.01184,1.6963,5.5036,4,0.0000,106080,4.7781,2.7633,106080:4.78:2.76;106070:3.95:3.23;106100:3.08:0.63,NO
2025-06-17 15:50:00,106081.81,106168.28,106028.00,106158.66,79.1932,8401373.73,3441,47.8485,31.3448,16.5037,-287.5685,20.84,2140,1301,0.02301,6.5279,27.8014,12,6.5279,106080,15.0482,3.0151,106080:15.05:3.02;106100:8.51:1.67;106120:8.33:1.13,NO
2025-06-17 15:55:00,106158.67,106158.67,106070.21,106099.18,19.2113,2038573.16,1559,13.1162,6.0951,7.0211,-280.5474,36.55,803,756,0.01232,1.0377,2.0377,2,0.0000,106090,5.7276,1.0999,106090:5.73:1.10;106120:3.65:0.96;106100:1.15:1.60,NO
2025-06-17 16:00:00,106099.17,106100.00,105961.85,105961.86,74.8748,7937986.24,3207,17.0355,57.8393,-40.8037,-321.3511,-54.50,1109,2098,0.02335,2.0000,18.5470,14,0.0000,106000,1.8506,22.4625,106000:1.85:22.46;105980:5.59:11.92;106020:0.10:6.56,NO
2025-06-17 16:05:00,105961.86,105961.86,105721.29,105807.19,175.4449,18571761.61,8129,73.8151,101.6298,-27.8147,-349.1658,-15.85,3248,4881,0.02158,7.4866,38.3136,15,12.4866,105860,14.7494,5.8596,105860:14.75:5.86;105900:13.39:5.26;105910:9.69:5.87,NO
2025-06-17 16:10:00,105807.19,105881.11,105770.65,105790.40,94.1641,9964216.48,4389,56.5646,37.5995,18.9652,-330.2006,20.14,1976,2413,0.02145,7.3346,29.8864,12,12.3346,105800,15.6686,8.1048,105800:15.67:8.10;105810:10.50:6.73;105840:4.10:10.73,NO
2025-06-17 16:15:00,105790.40,105899.21,105756.32,105856.01,61.6738,6526704.91,3628,35.3377,26.3361,9.0016,-321.1990,14.60,1946,1682,0.01700,2.2971,6.7829,4,0.0000,105840,6.3617,4.7168,105840:6.36:4.72;105850:6.84:2.26;105800:4.57:3.08,NO
2025-06-17 16:20:00,105856.01,105911.46,105837.25,105839.61,35.8050,3790721.32,2301,19.2909,16.5141,2.7768,-318.4222,7.76,1165,1136,0.01556,1.1730,2.2467,2,0.0000,105840,5.3245,4.3240,105840:5.32:4.32;105900:2.84:2.14;105870:0.76:3.25,NO
2025-06-17 16:25:00,105839.61,105964.10,105839.50,105956.01,60.3661,6393480.86,2816,33.8957,26.4704,7.4253,-310.9968,12.30,1863,953,0.02144,4.3006,13.3142,5,0.0000,105920,3.7012,7.6113,105920:3.70:7.61;105910:5.64:4.37;105940:4.28:2.05,NO
2025-06-17 16:30:00,105956.01,105956.01,105763.71,105763.71,39.4117,4172663.14,2524,21.5462,17.8655,3.6807,-307.3162,9.34,822,1702,0.01561,3.0536,8.0403,4,0.0000,105900,7.7093,2.9268,105900:7.71:2.93;105910:4.33:1.78;105770:3.45:0.33,NO
2025-06-17 16:35:00,105763.71,105827.63,105704.32,105773.98,58.3178,6168280.07,3489,27.4779,30.8399,-3.3620,-310.6782,-5.77,1923,1566,0.01671,2.1761,5.2930,3,0.0000,105780,2.4386,6.7705,105780:2.44:6.77;105730:2.93:3.98;105770:3.79:2.59,NO
2025-06-17 16:40:00,105773.98,105786.63,105712.64,105722.77,37.2220,3936413.33,1850,10.8449,26.3771,-15.5322,-326.2104,-41.73,968,882,0.02012,2.8525,7.0571,4,0.0000,105770,0.7608,5.6683,105770:0.76:5.67;105780:1.16:4.39;105760:1.46:3.99,NO
2025-06-17 16:45:00,105722.77,105769.40,105640.00,105644.75,74.0253,7824363.66,4609,30.4850,43.5403,-13.0552,-339.2656,-17.64,2352,2257,0.01606,3.3207,21.7339,13,0.0000,105680,9.2417,11.9330,105680:9.24:11.93;105690:2.47:7.10;105740:4.24:1.61,NO
2025-06-17 16:50:00,105644.74,105665.94,105582.86,105582.86,58.4292,6171967.95,4091,20.4412,37.9879,-17.5467,-356.8123,-30.03,2373,1718,0.01428,2.5076,15.2764,9,0.0000,105640,8.6390,7.7797,105640:8.64:7.78;105630:2.79:12.45;105620:2.68:6.74,NO
2025-06-17 16:55:00,105582.87,105616.07,105533.72,105554.17,56.3811,5951876.90,3099,21.8381,34.5430,-12.7049,-369.5172,-22.53,1667,1432,0.01819,6.4621,20.1071,8,6.4621,105550,5.5198,8.7281,105550:5.52:8.73;105560:2.92:9.59;105580:3.53:2.32,NO
2025-06-17 17:00:00,105554.16,105666.00,105535.92,105626.57,51.2888,5417385.26,3097,37.6636,13.6252,24.0384,-345.4788,46.87,1894,1203,0.01656,4.5126,13.4870,8,0.0000,105640,10.2956,4.8003,105640:10.30:4.80;105650:4.98:6.21;105630:5.52:1.07,NO
2025-06-17 17:05:00,105626.57,105658.30,105572.79,105572.79,30.9183,3265218.46,2542,17.8846,13.0337,4.8509,-340.6279,15.69,1192,1350,0.01216,1.1987,2.2133,2,0.0000,105590,5.3076,2.7510,105590:5.31:2.75;105600:4.98:1.09;105610:3.63:1.77,NO
2025-06-17 17:10:00,105572.80,105579.92,105508.23,105526.92,30.2254,3189898.80,2746,14.6900,15.5354,-0.8454,-341.4734,-2.80,1299,1447,0.01101,2.0643,5.0859,3,0.0000,105510,4.7147,3.0684,105510:4.71:3.07;105530:2.05:5.71;105540:3.32:2.32,NO
2025-06-17 17:15:00,105526.92,105570.26,105511.65,105560.39,23.4145,2471062.00,1516,14.7865,8.6279,6.1586,-335.3147,26.30,932,584,0.01544,2.0584,7.1284,5,0.0000,105510,5.4975,1.5434,105510:5.50:1.54;105520:2.39:4.54;105560:2.70:0.74,NO
2025-06-17 17:20:00,105560.39,105576.85,105508.23,105554.71,26.6065,2807809.35,1912,13.7569,12.8496,0.9072,-334.4075,3.41,1062,850,0.01392,1.9037,4.3689,3,0.0000,105520,4.3024,3.9147,105520:4.30:3.91;105510:1.90:2.84;105540:3.52:1.21,NO
2025-06-17 17:25:00,105554.72,105665.98,105554.71,105641.47,53.1071,5610202.62,2426,37.2762,15.8309,21.4452,-312.9623,40.38,1636,790,0.02189,6.8010,16.6412,7,6.8010,105650,22.3314,10.4831,105650:22.33:10.48;105640:4.03:2.19;105620:2.39:0.93,NO
2025-06-17 17:30:00,105641.48,105646.47,105573.18,105643.99,40.4759,4274695.53,2916,20.9024,19.5735,1.3289,-311.6334,3.28,1668,1248,0.01388,4.7929,12.7924,5,0.0000,105610,6.3518,8.3935,105610:6.35:8.39;105590:1.84:4.46;105600:2.83:2.35,NO
2025-06-17 17:35:00,105643.99,105767.14,105600.90,105717.82,73.3806,7756286.48,3472,54.2358,19.1448,35.0911,-276.5423,47.82,2118,1354,0.02113,3.5252,16.6532,10,0.0000,105660,12.8644,0.0757,105660:12.86:0.08;105700:5.31:6.34;105730:8.27:3.11,NO
2025-06-17 17:40:00,105717.82,105862.03,105717.82,105782.29,50.8398,5378733.15,2997,33.0100,17.8298,15.1803,-261.3620,29.86,1880,1117,0.01696,1.3839,3.4353,3,0.0000,105770,8.2229,1.5956,105770:8.22:1.60;105780:5.61:3.58;105820:1.59:5.35,NO
2025-06-17 17:45:00,105782.28,105782.29,105720.00,105730.54,36.0382,3810581.42,2267,23.3406,12.6977,10.6429,-250.7191,29.53,1160,1107,0.01590,2.4159,10.6650,7,0.0000,105720,9.5951,3.8956,105720:9.60:3.90;105730:9.57:2.53;105750:2.71:2.83,NO
2025-06-17 17:50:00,105730.54,105762.25,105672.61,105729.19,28.5007,3012837.92,2628,17.1831,11.3176,5.8655,-244.8536,20.58,1459,1169,0.01085,3.8325,6.0706,3,0.0000,105680,7.0718,1.9710,105680:7.07:1.97;105720:1.55:1.87;105670:3.13:0.23,NO
2025-06-17 17:55:00,105729.20,105729.20,105675.18,105686.00,24.0181,2538686.38,1675,10.0118,14.0063,-3.9944,-248.8480,-16.63,733,942,0.01434,1.4046,3.7195,3,0.0000,105680,1.1106,5.1756,105680:1.11:5.18;105700:3.50:2.02;105720:1.12:4.37,NO
2025-06-17 18:00:00,105686.00,105716.53,105620.00,105653.96,58.1751,6147458.28,3677,28.0884,30.0867,-1.9983,-250.8463,-3.43,1929,1748,0.01582,4.5409,13.0878,5,0.0000,105670,7.3022,8.5120,105670:7.30:8.51;105660:1.95:5.22;105690:4.85:1.47,NO
2025-06-17 18:05:00,105653.97,105810.51,105645.01,105810.50,33.4231,3533249.50,2986,21.0823,12.3408,8.7415,-242.1048,26.15,1983,1003,0.01119,1.5581,4.3423,3,0.0000,105710,5.4407,2.3097,105710:5.44:2.31;105700:2.08:0.91;105680:1.44:1.39,NO
2025-06-17 18:10:00,105810.51,105840.38,105716.48,105761.30,39.3105,4158289.46,2595,14.7749,24.5356,-9.7608,-251.8656,-24.83,1170,1425,0.01515,6.6000,9.8547,4,6.6000,105760,0.3902,10.4228,105760:0.39:10.42;105810:3.37:2.96;105820:3.11:2.95,NO
2025-06-17 18:15:00,105761.31,105761.31,105600.00,105606.63,32.0061,3381589.36,2770,9.7402,22.2658,-12.5256,-264.3911,-39.14,1056,1714,0.01155,1.4779,6.0384,5,0.0000,105600,1.9401,5.6099,105600:1.94:5.61;105660:1.05:2.70;105650:2.17:1.45,NO
2025-06-17 18:20:00,105606.62,105635.39,105482.29,105495.99,68.3588,7216540.07,4205,22.5397,45.8191,-23.2794,-287.6705,-34.05,1781,2424,0.01626,3.3127,14.6986,9,0.0000,105600,4.6896,12.7116,105600:4.69:12.71;105500:0.02:15.30;105590:2.95:4.09,NO
2025-06-17 18:25:00,105495.99,105539.58,105420.00,105507.00,63.6060,6710192.62,4015,29.2883,34.3177,-5.0294,-292.6999,-7.91,2113,1902,0.01584,6.0000,17.9667,7,6.0000,105500,9.6001,10.6368,105500:9.60:10.64;105520:6.89:2.46;105530:0.76:6.88,NO
2025-06-17 18:30:00,105506.99,105552.18,105409.34,105508.46,30.8336,3252533.06,4471,16.1950,14.6386,1.5563,-291.1436,5.05,2654,1817,0.00690,0.9509,0.0000,0,0.0000,105500,3.5992,2.7214,105500:3.60:2.72;105480:4.39:0.56;105450:0.99:2.20,NO
2025-06-17 18:35:00,105508.46,105552.18,105458.16,105488.73,30.2723,3193777.90,2749,17.4229,12.8494,4.5735,-286.5701,15.11,1546,1203,0.01101,2.5575,5.8072,3,0.0000,105460,6.3469,2.4681,105460:6.35:2.47;105520:3.32:0.90;105540:1.13:2.81,NO
2025-06-17 18:40:00,105488.74,105591.20,105463.21,105552.28,18.8673,1991279.73,2505,10.2032,8.6642,1.5390,-285.0311,8.16,1585,920,0.00753,1.3171,1.3171,1,0.0000,105550,2.3846,2.7409,105550:2.38:2.74;105560:1.39:1.56;105530:2.57:0.12,NO
2025-06-17 18:45:00,105552.28,105626.48,105426.81,105484.92,79.8264,8422557.32,4066,27.4937,52.3327,-24.8390,-309.8701,-31.12,1799,2267,0.01963,2.5954,16.8532,11,0.0000,105460,7.3802,7.4122,105460:7.38:7.41;105500:4.18:3.81;105450:0.70:4.79,NO
2025-06-17 18:50:00,105484.92,105600.00,105481.22,105599.99,31.6101,3335952.13,3305,22.5257,9.0844,13.4412,-296.4289,42.52,1988,1317,0.00956,1.9986,6.1211,5,0.0000,105540,5.5616,0.2164,105540:5.56:0.22;105480:4.08:1.30;105570:3.38:0.95,NO
2025-06-17 18:55:00,105600.00,105647.83,105557.49,105638.34,25.3259,2674706.49,2269,13.6046,11.7213,1.8833,-294.5456,7.44,1377,892,0.01116,1.1878,1.1878,1,0.0000,105620,5.9078,5.0934,105620:5.91:5.09;105630:1.60:1.56;105590:0.35:2.72,NO
2025-06-17 19:00:00,105638.35,105696.52,105512.55,105670.62,95.4150,10076794.22,7040,51.5050,43.9100,7.5950,-286.9506,7.96,3879,3161,0.01355,2.8117,11.4133,6,0.0000,105680,8.6941,1.2800,105680:8.69:1.28;105580:3.57:3.67;105650:5.08:1.90,NO
2025-06-17 19:05:00,105670.63,105722.99,105564.00,105722.99,60.3246,6373166.77,6555,34.0398,26.2848,7.7550,-279.1956,12.86,3618,2937,0.00920,1.7474,1.7474,1,0.0000,105670,5.0215,4.0512,105670:5.02:4.05;105650:4.78:1.69;105690:4.68:1.54,NO
2025-06-17 19:10:00,105722.98,105754.05,105300.01,105317.85,92.3030,9737170.20,6906,26.0593,66.2437,-40.1843,-319.3799,-43.54,2144,4762,0.01337,2.7673,13.1902,8,0.0000,105330,0.9374,6.4902,105330:0.94:6.49;105310:2.77:4.22;105320:2.76:3.33,NO
2025-06-17 19:15:00,105317.85,105534.32,105300.00,105372.20,65.8236,6938061.57,6517,22.5652,43.2584,-20.6932,-340.0731,-31.44,3335,3182,0.01010,2.3162,11.2966,8,0.0000,105300,2.4630,9.4571,105300:2.46:9.46;105400:4.36:4.14;105430:1.91:4.12,YES
2025-06-17 19:20:00,105372.20,105399.48,105200.00,105333.93,122.4044,12886212.70,8256,45.5810,76.8233,-31.2423,-371.3154,-25.52,3448,4808,0.01483,5.5550,16.7764,8,5.5550,105300,5.9087,8.2288,105300:5.91:8.23;105230:3.18:10.84;105240:1.80:10.90,NO
2025-06-17 19:25:00,105333.94,105408.70,105220.14,105349.27,62.7388,6607510.10,5429,29.6628,33.0759,-3.4131,-374.7285,-5.44,2726,2703,0.01156,1.3460,5.6706,5,0.0000,105270,1.0145,6.4820,105270:1.01:6.48;105240:4.45:0.91;105300:3.20:2.10,NO
2025-06-17 19:30:00,105349.28,105420.15,105200.08,105211.51,58.8207,6193253.71,5786,15.2302,43.5905,-28.3603,-403.0887,-48.21,2628,3158,0.01017,3.7151,6.8639,4,0.0000,105210,1.2895,10.5200,105210:1.29:10.52;105300:0.35:5.58;105200:0.49:3.29,NO
2025-06-17 19:35:00,105211.51,105492.00,105000.00,105472.00,242.2847,25492221.42,12264,87.8003,154.4844,-66.6842,-469.7729,-27.52,7045,5219,0.01976,5.6737,37.2641,18,5.6737,105150,1.2914,27.7779,105150:1.29:27.78;105170:4.49:12.93;105000:2.92:12.84,NO
2025-06-17 19:40:00,105472.00,105694.42,105435.35,105672.55,89.3918,9437615.36,6370,64.8990,24.4929,40.4061,-429.3668,45.20,4663,1707,0.01403,3.7760,12.3906,7,0.0000,105630,9.0115,0.3865,105630:9.01:0.39;105590:6.87:1.70;105580:4.74:3.11,NO
2025-06-17 19:45:00,105672.55,105674.67,105372.09,105380.05,75.6773,7987517.01,5183,35.8400,39.8373,-3.9973,-433.3642,-5.28,2086,3097,0.01460,3.1010,17.8168,13,0.0000,105650,8.6835,5.4301,105650:8.68:5.43;105370:0.99:7.03;105630:4.69:2.22,NO
2025-06-17 19:50:00,105380.05,105462.44,105273.49,105288.07,47.8250,5040077.78,4399,22.8349,24.9900,-2.1551,-435.5193,-4.51,2319,2080,0.01087,4.5787,13.9851,7,0.0000,105380,7.9747,2.4445,105380:7.97:2.44;105400:3.47:4.97;105410:4.00:2.26,NO
2025-06-17 19:55:00,105288.08,105360.97,105227.90,105324.02,44.2470,4658384.27,4806,17.5084,26.7386,-9.2302,-444.7495,-20.86,2971,1835,0.00921,2.0114,2.0114,1,0.0000,105240,2.1014,6.2153,105240:2.10:6.22;105280:1.54:5.41;105300:1.18:4.05,NO
2025-06-17 20:00:00,105324.02,105403.50,105280.00,105300.99,23.9355,2521453.79,3875,9.7825,14.1530,-4.3705,-449.1199,-18.26,2218,1657,0.00618,0.7044,0.0000,0,0.0000,105320,0.6914,1.9557,105320:0.69:1.96;105300:0.30:2.18;105340:1.16:1.21,NO
2025-06-17 20:05:00,105300.98,105300.99,105068.00,105172.86,104.2787,10964720.11,7115,34.4008,69.8779,-35.4771,-484.5970,-34.02,3535,3580,0.01466,5.4522,26.4712,13,10.4522,105100,3.8969,9.1562,105100:3.90:9.16;105090:3.41:7.97;105160:4.20:5.62,NO
2025-06-17 20:10:00,105172.86,105172.86,104800.00,105048.56,300.8134,31575219.14,10135,69.3047,231.5087,-162.2041,-646.8011,-53.92,4040,6095,0.02968,13.0768,102.9804,31,48.4252,105000,1.1892,77.8884,105000:1.19:77.89;104890:5.84:15.59;105020:16.71:4.28,NO
2025-06-17 20:15:00,105048.56,105239.46,105005.44,105206.34,67.7571,7125687.32,5934,35.0463,32.7108,2.3356,-644.4655,3.45,3718,2216,0.01142,3.5257,7.2315,4,0.0000,105180,3.7749,6.7979,105180:3.77:6.80;105190:2.55:7.51;105210:4.03:3.62,NO
2025-06-17 20:20:00,105206.34,105285.71,105120.21,105140.48,105.4045,11085285.08,6256,25.2550,80.1495,-54.8945,-699.3600,-52.08,3165,3091,0.01685,8.1548,35.8605,10,20.2795,105140,8.1365,17.2762,105140:8.14:17.28;105160:3.93:16.27;105150:1.56:13.74,NO
2025-06-17 20:25:00,105140.49,105155.87,104777.48,104847.33,108.1211,11342141.02,8196,44.5429,63.5782,-19.0353,-718.3953,-17.61,3650,4546,0.01319,4.0893,16.9138,9,0.0000,104800,7.0378,8.9267,104800:7.04:8.93;104910:5.88:5.56;104920:4.40:6.98,NO
2025-06-17 20:30:00,104847.33,104891.62,104619.21,104674.76,177.6095,18610222.30,11477,50.6634,126.9461,-76.2828,-794.6781,-42.95,6176,5301,0.01548,4.7719,33.1224,19,0.0000,104750,13.2107,10.9300,104750:13.21:10.93;104780:0.24:20.05;104850:4.84:11.93,NO
2025-06-17 20:35:00,104674.76,104968.69,104600.00,104670.00,274.3344,28731379.25,10408,78.3976,195.9367,-117.5391,-912.2172,-42.85,5413,4995,0.02636,6.5375,84.2860,42,11.5375,104600,0.2877,23.5385,104600:0.29:23.54;104840:11.85:9.33;104670:2.42:16.58,YES
2025-06-17 20:40:00,104670.00,104797.76,104551.00,104742.15,125.2376,13107250.28,11298,49.1555,76.0821,-26.9265,-939.1437,-21.50,6953,4345,0.01108,2.1716,15.2416,11,0.0000,104590,6.5875,7.9496,104590:6.59:7.95;104600:3.12:9.35;104680:4.84:7.45,NO
2025-06-17 20:45:00,104742.15,104742.51,104451.77,104508.32,240.9363,25182305.25,10505,48.5821,192.3541,-143.7720,-1082.9157,-59.67,5154,5351,0.02294,8.7424,98.3389,43,18.8551,104500,8.7242,95.0837,104500:8.72:95.08;104510:8.24:19.13;104530:2.46:22.03,NO
2025-06-17 20:50:00,104508.32,104530.30,104369.00,104373.71,124.0863,12957277.49,7281,48.0197,76.0666,-28.0470,-1110.9627,-22.60,3610,3671,0.01704,2.3529,25.2147,17,0.0000,104400,11.9321,17.2692,104400:11.93:17.27;104360:3.53:9.45;104450:7.53:5.04,NO
2025-06-17 20:55:00,104373.71,104462.87,104264.15,104298.26,148.7264,15522542.52,8089,49.2585,99.4679,-50.2095,-1161.1722,-33.76,4075,4014,0.01839,4.2503,44.2430,23,0.0000,104410,5.9265,15.3548,104410:5.93:15.35;104350:3.85:12.85;104400:7.53:7.46,NO
2025-06-17 21:00:00,104298.27,104372.04,104141.00,104340.00,158.6877,16546237.59,10458,81.2857,77.4020,3.8838,-1157.2884,2.45,5119,5339,0.01517,5.0000,46.0626,29,5.0000,104320,13.5730,3.0275,104320:13.57:3.03;104340:9.80:5.08;104310:11.99:2.43,NO
2025-06-17 21:05:00,104340.01,104570.87,104130.95,104469.75,131.4213,13720959.24,10030,77.7895,53.6317,24.1578,-1133.1306,18.38,6091,3939,0.01310,2.6538,18.1245,12,0.0000,104500,7.4085,6.1431,104500:7.41:6.14;104490:8.82:2.06;104470:4.20:6.21,NO
2025-06-17 21:10:00,104469.76,104614.13,104468.62,104585.36,103.5730,10826146.37,5025,71.8350,31.7380,40.0970,-1093.0336,38.71,3477,1548,0.02061,4.3932,40.1783,21,0.0000,104480,25.9899,2.4932,104480:25.99:2.49;104500:10.52:4.74;104570:10.28:0.48,NO
2025-06-17 21:15:00,104585.36,104585.36,104282.75,104350.68,84.1894,8793883.32,5606,43.6980,40.4914,3.2067,-1089.8269,3.81,2763,2843,0.01502,5.3015,25.9889,12,5.3015,104500,0.7654,13.3008,104500:0.77:13.30;104300:10.89:1.02;104470:7.71:1.00,NO
2025-06-17 21:20:00,104350.69,104418.18,104267.55,104291.63,64.7284,6754745.56,5642,22.5180,42.2104,-19.6924,-1109.5193,-30.42,3284,2358,0.01147,5.0000,15.9474,7,5.0000,104320,3.7316,7.0174,104320:3.73:7.02;104340:1.95:6.67;104330:1.61:6.20,NO
2025-06-17 21:25:00,104291.64,104291.64,104171.77,104241.63,142.2990,14832165.54,6932,65.1437,77.1553,-12.0117,-1121.5310,-8.44,4171,2761,0.02053,6.9533,39.4317,13,13.8639,104220,12.3759,17.0421,104220:12.38:17.04;104230:18.05:4.29;104260:3.75:11.68,NO
2025-06-17 21:30:00,104241.62,104329.95,104201.00,104250.19,86.7064,9040182.99,7820,50.7304,35.9760,14.7544,-1106.7766,17.02,4770,3050,0.01109,2.6926,13.4441,9,0.0000,104290,4.3760,5.6967,104290:4.38:5.70;104270:6.49:3.30;104240:5.18:4.32,NO
2025-06-17 21:35:00,104250.19,104400.00,104246.16,104260.00,105.7104,11027600.05,8098,59.3443,46.3660,12.9783,-1093.7983,12.28,4398,3700,0.01305,4.7923,20.4903,11,0.0000,104270,5.6464,10.6576,104270:5.65:10.66;104330:6.81:5.38;104280:9.98:1.94,NO
2025-06-17 21:40:00,104260.01,104396.52,104255.51,104389.33,53.8989,5622791.89,6196,30.0309,23.8681,6.1628,-1087.6355,11.43,3725,2471,0.00870,4.2825,10.0956,6,0.0000,104330,8.0250,1.6536,104330:8.03:1.65;104260:3.74:4.00;104320:2.66:1.87,NO
2025-06-17 21:45:00,104389.33,104415.08,104178.79,104350.07,97.6469,10181286.61,7120,53.1992,44.4476,8.7516,-1078.8839,8.96,3662,3458,0.01371,5.6405,23.4333,12,5.6405,104200,20.2521,6.2279,104200:20.25:6.23;104240:2.80:5.76;104250:3.64:1.97,NO
2025-06-17 21:50:00,104350.08,104406.06,104178.80,104238.02,73.0708,7619707.60,6900,40.8229,32.2479,8.5750,-1070.3089,11.74,3337,3563,0.01059,3.5975,19.7618,10,0.0000,104250,6.3411,7.3756,104250:6.34:7.38;104230:8.42:1.45;104240:6.55:1.82,NO
2025-06-17 21:55:00,104238.02,104277.45,104102.00,104184.19,127.0087,13232162.84,8081,61.7618,65.2469,-3.4851,-1073.7940,-2.74,4060,4021,0.01572,9.3545,43.3219,17,21.3433,104190,16.9693,3.6649,104190:16.97:3.66;104180:10.72:6.91;104200:4.73:9.38,NO
2025-06-17 22:00:00,104184.18,104228.96,104105.63,104200.68,74.5153,7761263.59,6669,32.8835,41.6318,-8.7484,-1082.5424,-11.74,3618,3051,0.01117,1.7980,7.7204,6,0.0000,104130,4.0940,5.6396,104130:4.09:5.64;104150:1.48:8.14;104110:3.39:4.90,NO
2025-06-17 22:05:00,104200.69,104484.97,104173.95,104442.55,71.0153,7411653.48,5809,38.4800,32.5352,5.9448,-1076.5976,8.37,3872,1937,0.01223,7.0185,17.2524,7,7.0185,104330,4.7661,8.7545,104330:4.77:8.75;104460:7.56:3.53;104320:1.72:5.98,NO
2025-06-17 22:10:00,104442.55,104442.56,104121.31,104128.25,66.6532,6951776.31,5723,19.1618,47.4914,-28.3297,-1104.9273,-42.50,2128,3595,0.01165,2.2906,9.7999,7,0.0000,104360,2.5416,5.7247,104360:2.54:5.72;104380:2.27:5.64;104370:1.30:5.22,NO
2025-06-17 22:15:00,104128.24,104171.90,103839.79,103871.20,535.4739,55702768.42,13719,107.6526,427.8213,-320.1686,-1425.0959,-59.79,4955,8764,0.03903,14.9561,200.2444,84,51.6391,104040,0.0033,88.3129,104040:0.00:88.31;104140:5.73:82.58;104000:0.91:71.87,NO
2025-06-17 22:20:00,103871.21,103871.21,103540.00,103554.34,348.2512,36113476.94,16019,141.5406,206.7106,-65.1700,-1490.2659,-18.71,7061,8958,0.02174,5.0000,65.6003,32,15.0000,103800,4.6671,29.4143,103800:4.67:29.41;103720:9.40:16.98;103560:7.33:13.44,NO
2025-06-17 22:25:00,103554.34,103647.44,103500.01,103630.67,148.6437,15394286.56,10229,77.7536,70.8902,6.8634,-1483.4025,4.62,5457,4772,0.01453,3.6710,26.5455,15,0.0000,103520,6.2036,11.7423,103520:6.20:11.74;103590:9.96:7.31;103530:9.31:4.16,NO
2025-06-17 22:30:00,103630.67,103707.85,103501.00,103501.01,127.6271,13221159.34,11750,58.8222,68.8049,-9.9827,-1493.3852,-7.82,5501,6249,0.01086,2.7546,15.5338,9,0.0000,103550,9.2592,7.6420,103550:9.26:7.64;103560:5.63:8.53;103600:6.54:5.69,NO
2025-06-17 22:35:00,103501.01,103670.70,103371.02,103670.69,263.2159,27236567.82,13005,93.3810,169.8349,-76.4539,-1569.8391,-29.05,6790,6215,0.02024,7.4471,55.3156,28,7.4471,103500,3.8201,54.7362,103500:3.82:54.74;103410:14.07:21.43;103400:12.34:19.22,NO
2025-06-17 22:40:00,103670.70,103820.84,103623.99,103653.49,118.1529,12258180.94,10362,71.1219,47.0310,24.0909,-1545.7482,20.39,4268,6094,0.01140,4.8186,27.9638,14,0.0000,103760,11.4337,6.4608,103760:11.43:6.46;103800:6.96:5.03;103810:8.22:3.07,NO
2025-06-17 22:45:00,103653.49,103797.59,103612.00,103688.66,95.2739,9879444.23,8515,39.0836,56.1903,-17.1067,-1562.8549,-17.96,4729,3786,0.01119,2.6339,13.1824,7,0.0000,103700,12.2559,19.1680,103700:12.26:19.17;103620:0.57:11.67;103690:5.43:3.70,NO
2025-06-17 22:50:00,103688.66,103928.45,103654.71,103856.48,92.0027,9545806.06,7255,52.2426,39.7602,12.4824,-1550.3726,13.57,4766,2489,0.01268,8.5134,30.0834,8,16.0727,103740,12.3950,11.1388,103740:12.40:11.14;103730:3.93:9.70;103750:6.32:2.38,NO
2025-06-17 22:55:00,103856.49,103931.96,103724.99,103922.69,129.7214,13465303.76,7181,55.5011,74.2203,-18.7192,-1569.0918,-14.43,4097,3084,0.01806,5.0000,36.2054,20,5.0000,103750,5.0763,18.6015,103750:5.08:18.60;103780:6.20:8.26;103760:4.10:9.21,NO
2025-06-17 23:00:00,103922.69,104250.00,103832.50,104177.34,171.1437,17805897.27,10756,104.2959,66.8478,37.4482,-1531.6437,21.88,6916,3840,0.01591,5.0000,39.2086,16,5.0000,104010,13.7808,4.2455,104010:13.78:4.25;104020:10.46:5.70;104000:11.25:4.46,NO
2025-06-17 23:05:00,104177.35,104181.70,103871.03,103937.39,93.2868,9702620.23,6225,35.1271,58.1597,-23.0325,-1554.6762,-24.69,2959,3266,0.01499,2.5000,13.6121,9,0.0000,103890,3.0389,7.7421,103890:3.04:7.74;103910:2.50:5.52;104000:1.83:5.58,NO
2025-06-17 23:10:00,103937.40,104060.00,103825.85,103856.81,63.5199,6603580.77,5646,41.6452,21.8747,19.7705,-1534.9057,31.12,3286,2360,0.01125,5.0388,6.7972,2,5.0388,103980,12.5049,1.4768,103980:12.50:1.48;103840:2.16:5.53;103970:6.65:0.85,NO
2025-06-17 23:15:00,103856.81,103904.26,103738.68,103864.29,72.5227,7530795.73,6905,43.2876,29.2351,14.0525,-1520.8532,19.38,4348,2557,0.01050,4.6796,10.9269,5,0.0000,103850,9.3158,8.9147,103850:9.32:8.91;103840:12.74:2.62;103870:2.52:3.22,NO
2025-06-17 23:20:00,103864.29,103945.40,103800.00,103816.66,48.8437,5073345.06,7129,26.0490,22.7948,3.2542,-1517.5990,6.66,4300,2829,0.00685,1.1780,2.1865,2,0.0000,103890,2.0107,3.5576,103890:2.01:3.56;103810:3.29:2.00;103830:4.21:0.93,NO
2025-06-17 23:25:00,103816.66,103961.72,103814.01,103814.01,42.8608,4452339.42,6156,29.0811,13.7796,15.3015,-1502.2975,35.70,3740,2416,0.00696,1.9255,4.1257,3,0.0000,103860,5.6731,1.2452,103860:5.67:1.25;103880:2.68:2.27;103870:3.26:1.17,YES
2025-06-17 23:30:00,103814.00,103940.57,103737.68,103932.78,54.3810,5645923.74,7239,31.7197,22.6613,9.0583,-1493.2391,16.66,5028,2211,0.00751,1.6735,5.5195,4,0.0000,103780,3.8702,2.8090,103780:3.87:2.81;103800:2.94:3.13;103810:4.61:1.32,NO
2025-06-17 23:35:00,103932.78,104028.96,103835.05,103999.25,70.3201,7308839.15,6459,44.5737,25.7464,18.8273,-1474.4118,26.77,4265,2194,0.01089,1.4417,9.2557,8,0.0000,103900,2.7978,4.6890,103900:2.80:4.69;104000:1.58:4.30;103880:4.08:1.65,NO
2025-06-17 23:40:00,103999.26,104087.37,103906.09,103922.46,69.4236,7217012.79,5256,23.4912,45.9325,-22.4413,-1496.8531,-32.33,3003,2253,0.01321,1.8952,6.9485,5,0.0000,103930,2.3836,10.7174,103930:2.38:10.72;103940:3.23:9.27;103920:1.82:8.31,NO
2025-06-17 23:45:00,103922.46,103924.78,103822.16,103887.62,42.3373,4397460.08,5028,18.4009,23.9364,-5.5355,-1502.3886,-13.07,2959,2069,0.00842,1.6817,2.8997,2,0.0000,103870,3.0915,4.7852,103870:3.09:4.79;103840:4.07:1.84;103860:1.27:4.13,NO
2025-06-17 23:50:00,103887.62,103918.18,103867.47,103882.81,43.0970,4477333.34,4093,29.2230,13.8740,15.3491,-1487.0395,35.62,2475,1618,0.01053,2.8826,8.4174,5,0.0000,103880,13.5992,3.6173,103880:13.60:3.62;103890:13.08:4.13;103870:1.19:4.04,YES
2025-06-17 23:55:00,103882.82,103882.82,103626.05,103680.96,63.6275,6600023.15,5261,21.4746,42.1530,-20.6784,-1507.7179,-32.50,2270,2991,0.01209,2.5088,12.0734,8,0.0000,103690,1.2524,11.6340,103690:1.25:11.63;103660:4.07:2.78;103670:4.52:2.15,NO
2025-06-18 00:00:00,103680.96,103959.23,103680.95,103928.58,32.3209,3356425.70,4192,18.6604,13.6605,4.9999,-1502.7180,15.47,2936,1256,0.00771,2.8346,2.8346,1,0.0000,103900,0.6286,2.8668,103900:0.63:2.87;103920:1.23:2.01;103870:1.92:0.57,NO
2025-06-18 00:05:00,103928.58,104042.26,103918.55,103998.13,48.3392,5026424.01,3957,30.8339,17.5053,13.3287,-1489.3893,27.57,2228,1729,0.01222,2.5814,7.6350,5,0.0000,103960,8.3319,1.8260,103960:8.33:1.83;103950:5.98:3.35;104000:3.57:2.25,NO
2025-06-18 00:10:00,103998.13,104105.89,103952.73,104072.01,31.5400,3281212.77,4490,21.2563,10.2836,10.9727,-1478.4166,34.79,2569,1921,0.00702,1.1500,2.1510,2,0.0000,104060,4.1413,1.1707,104060:4.14:1.17;104070:2.31:1.48;103990:2.30:0.84,NO
2025-06-18 00:15:00,104072.00,104128.50,104060.00,104113.90,25.8820,2694531.39,2686,13.8207,12.0614,1.7593,-1476.6573,6.80,1593,1093,0.00964,0.6400,0.0000,0,0.0000,104110,5.0024,3.3293,104110:5.00:3.33;104100:3.92:3.22;104090:2.46:2.20,NO
2025-06-18 00:20:00,104113.90,104223.95,104106.72,104223.95,34.6503,3609773.44,3851,23.1917,11.4586,11.7332,-1464.9242,33.86,2362,1489,0.00900,2.7671,7.5288,4,0.0000,104190,5.2838,2.4543,104190:5.28:2.45;104180:4.78:2.40;104200:1.37:2.75,NO
2025-06-18 00:25:00,104223.96,104414.85,104217.62,104414.84,66.6151,6950214.09,5243,41.9603,24.6549,17.3054,-1447.6188,25.98,3486,1757,0.01271,6.3887,10.1801,3,6.3887,104380,5.2345,5.2466,104380:5.23:5.25;104290:7.96:0.74;104260:3.69:3.44,NO
2025-06-18 00:30:00,104414.84,104800.00,104414.83,104753.35,131.5549,13765989.46,8033,92.6922,38.8628,53.8294,-1393.7893,40.92,5956,2077,0.01638,2.3177,19.2163,13,0.0000,104460,9.2605,4.5050,104460:9.26:4.51;104450:4.37:5.80;104650:9.14:0.00,NO
2025-06-18 00:35:00,104768.54,104810.08,104626.90,104698.96,91.4204,9574124.61,5012,45.8807,45.5397,0.3409,-1393.4484,0.37,2560,2452,0.01824,4.7580,27.6766,12,0.0000,104730,8.9406,12.9705,104730:8.94:12.97;104720:4.74:3.45;104710:7.64:0.47,NO
2025-06-18 00:40:00,104698.97,104878.76,104645.28,104860.01,55.4823,5810702.23,4927,29.8566,25.6257,4.2308,-1389.2176,7.63,3284,1643,0.01126,2.8657,6.7184,3,0.0000,104680,5.3961,4.2823,104680:5.40:4.28;104660:3.99:4.67;104670:1.66:4.46,NO
2025-06-18 00:45:00,104860.01,105040.00,104860.00,105027.45,158.7093,16659259.40,7035,95.8825,62.8268,33.0557,-1356.1619,20.83,4061,2974,0.02256,3.6222,45.5324,24,0.0000,105000,9.3338,12.7361,105000:9.33:12.74;104950:11.88:4.56;104990:8.29:5.33,NO
2025-06-18 00:50:00,105027.45,105321.40,105027.45,105321.39,111.3746,11713208.36,8117,67.6421,43.7325,23.9096,-1332.2522,21.47,5228,2889,0.01372,5.0332,18.0380,10,5.0332,105100,6.6523,1.7852,105100:6.65:1.79;105040:7.17:0.15;105240:3.03:4.08,NO
2025-06-18 00:55:00,105321.40,105336.82,104951.80,105140.11,114.3326,12022491.60,6797,37.1158,77.2168,-40.1010,-1372.3532,-35.07,3102,3695,0.01682,3.6596,30.0649,16,0.0000,105210,7.1910,3.3062,105210:7.19:3.31;105220:0.22:8.82;105050:3.34:4.34,NO
2025-06-18 01:00:00,105140.11,105214.44,104960.00,105019.77,63.3113,6652767.35,4727,31.3664,31.9449,-0.5786,-1372.9318,-0.91,2235,2492,0.01339,2.9558,17.2140,9,0.0000,105170,3.4210,4.3368,105170:3.42:4.34;105060:4.68:2.46;105010:1.58:4.02,NO
2025-06-18 01:05:00,105019.76,105148.11,105014.01,105027.20,42.3806,4452957.12,3874,18.7488,23.6318,-4.8830,-1377.8148,-11.52,2062,1812,0.01094,1.0000,2.0000,2,0.0000,105080,2.2711,4.6308,105080:2.27:4.63;105050:2.43:3.79;105070:3.66:2.55,NO
2025-06-18 01:10:00,105027.20,105027.20,104842.45,104889.98,41.9330,4398510.65,4331,15.6568,26.2762,-10.6193,-1388.4341,-25.32,1858,2473,0.00968,1.8770,3.8910,3,0.0000,104850,5.1614,1.8745,104850:5.16:1.87;104900:0.88:5.95;104880:1.80:3.00,NO
2025-06-18 01:15:00,104889.98,105200.00,104889.97,105198.43,72.4807,7610607.37,4482,21.6435,50.8372,-29.1937,-1417.6278,-40.28,3078,1404,0.01617,5.3171,15.8706,8,5.3171,104940,2.0954,9.9362,104940:2.10:9.94;104970:1.77:8.43;104950:1.20:8.31,NO
2025-06-18 01:20:00,105198.43,105208.79,105000.00,105144.03,56.0539,5891608.99,4825,19.0943,36.9597,-17.8654,-1435.4932,-31.87,2603,2222,0.01162,1.5555,5.0361,4,0.0000,105130,2.9281,8.6728,105130:2.93:8.67;105050:2.01:3.07;105140:2.25:2.61,NO
2025-06-18 01:25:00,105144.02,105144.02,104661.55,104686.12,91.6328,9611038.23,7849,29.5025,62.1304,-32.6279,-1468.1211,-35.61,2582,5267,0.01167,2.8642,6.0912,4,0.0000,105000,0.0049,6.0560,105000:0.00:6.06;105020:5.31:0.45;104760:0.64:4.78,NO
2025-06-18 01:30:00,104686.12,104898.81,104628.29,104729.03,125.5735,13156606.70,8705,70.4897,55.0838,15.4058,-1452.7153,12.27,4892,3813,0.01443,2.8045,15.1364,10,0.0000,104740,6.9485,5.3750,104740:6.95:5.38;104760:6.08:4.33;104770:3.67:5.87,NO
2025-06-18 01:35:00,104729.04,104786.46,104646.27,104691.49,24.4270,2557513.70,3545,12.3459,12.0811,0.2648,-1452.4505,1.08,1823,1722,0.00689,0.7975,0.0000,0,0.0000,104680,2.5391,1.6831,104680:2.54:1.68;104690:0.92:2.32;104650:2.31:0.43,NO
2025-06-18 01:40:00,104691.49,104691.49,104514.21,104599.02,80.0014,8365662.18,4178,25.1951,54.8063,-29.6112,-1482.0617,-37.01,1665,2513,0.01915,2.8681,12.3937,8,0.0000,104510,10.6935,6.3287,104510:10.69:6.33;104550:1.27:9.04;104590:2.01:6.49,NO
2025-06-18 01:45:00,104599.01,104605.79,104262.88,104329.07,81.8648,8546273.15,6266,22.2684,59.5965,-37.3281,-1519.3898,-45.60,2105,4161,0.01306,5.1911,25.0680,15,5.1911,104430,4.0726,7.1626,104430:4.07:7.16;104360:1.53:8.39;104440:1.15:6.06,NO
2025-06-18 01:50:00,104329.07,104582.54,104329.07,104519.80,43.1047,4503805.69,4621,22.3730,20.7317,1.6414,-1517.7484,3.81,2950,1671,0.00933,5.6982,11.3723,5,5.6982,104450,0.5366,8.3657,104450:0.54:8.37;104470:6.33:2.32;104520:2.45:1.50,NO
2025-06-18 01:55:00,104519.81,104665.22,104519.80,104579.56,69.8886,7309880.47,2960,16.3342,53.5544,-37.2201,-1554.9686,-53.26,1759,1201,0.02361,2.6680,14.3350,10,0.0000,104590,1.2830,14.5064,104590:1.28:14.51;104580:2.72:10.96;104570:1.82:9.30,NO
2025-06-18 02:00:00,104579.55,104656.88,104438.42,104480.27,35.2720,3688082.20,3183,15.2879,19.9840,-4.6961,-1559.6647,-13.31,1436,1747,0.01108,2.0000,3.0000,2,0.0000,104640,7.2807,1.0747,104640:7.28:1.07;104610:0.39:2.79;104520:0.76:2.23,NO
2025-06-18 02:05:00,104480.27,104530.74,104422.26,104500.78,36.5416,3817166.83,3046,16.1903,20.3513,-4.1610,-1563.8257,-11.39,1575,1471,0.01200,3.0311,8.2405,5,0.0000,104440,1.5307,6.2363,104440:1.53:6.24;104450:3.09:4.01;104460:1.86:4.75,NO
2025-06-18 02:10:00,104500.78,104615.30,104500.78,104573.62,25.6580,2682666.32,3278,14.5261,11.1319,3.3942,-1560.4314,13.23,1862,1416,0.00783,1.4046,1.4046,1,0.0000,104530,2.9776,2.1575,104530:2.98:2.16;104550:3.24:1.64;104540:1.70:1.42,NO
2025-06-18 02:15:00,104573.63,104576.15,104374.29,104464.41,46.7990,4888799.16,3222,13.3365,33.4625,-20.1259,-1580.5574,-43.01,1433,1789,0.01452,1.7750,4.3229,3,0.0000,104420,0.7276,5.0521,104420:0.73:5.05;104440:1.13:3.75;104540:3.39:0.92,NO
2025-06-18 02:20:00,104464.40,104472.24,104380.00,104380.00,22.9563,2397428.36,2190,6.4405,16.5159,-10.0754,-1590.6328,-43.89,959,1231,0.01048,1.6885,3.9842,3,0.0000,104430,1.6892,5.7163,104430:1.69:5.72;104450:2.07:2.14;104420:1.42:1.38,NO
2025-06-18 02:25:00,104380.01,104429.48,104317.68,104362.39,39.3122,4102736.46,3796,17.9830,21.3293,-3.3463,-1593.9791,-8.51,1802,1994,0.01036,1.8072,3.0037,2,0.0000,104340,2.4490,5.9896,104340:2.45:5.99;104330:3.73:1.79;104390:3.39:1.47,NO
2025-06-18 02:30:00,104362.39,104428.41,104330.49,104414.35,31.2223,3259313.40,2812,13.5870,17.6352,-4.0482,-1598.0272,-12.97,1626,1186,0.01110,1.4239,2.7562,2,0.0000,104410,3.5965,5.7997,104410:3.60:5.80;104380:1.15:2.76;104360:1.30:2.29,NO
2025-06-18 02:35:00,104414.35,104500.00,104289.95,104296.32,37.3975,3905259.92,4237,12.2752,25.1223,-12.8471,-1610.8743,-34.35,1893,2344,0.00883,1.2320,3.4109,3,0.0000,104420,3.1623,2.0904,104420:3.16:2.09;104470:1.33:2.75;104440:1.53:2.36,NO
2025-06-18 02:40:00,104296.33,104409.18,104252.33,104409.17,23.4152,2442665.32,2926,14.8633,8.5519,6.3114,-1604.5630,26.95,1894,1032,0.00800,1.0000,1.0000,1,0.0000,104250,5.7987,0.1629,104250:5.80:0.16;104370:0.86:2.39;104360:0.97:2.08,NO
2025-06-18 02:45:00,104409.18,104507.66,104409.17,104460.15,29.6294,3095353.08,3040,14.3388,15.2906,-0.9518,-1605.5148,-3.21,1840,1200,0.00975,1.2800,3.4831,3,0.0000,104500,1.3296,5.7933,104500:1.33:5.79;104490:3.48:1.52;104450:1.69:2.45,NO
2025-06-18 02:50:00,104460.16,104460.16,104334.65,104380.00,36.8495,3846816.92,3809,14.4194,22.4301,-8.0107,-1613.5255,-21.74,1886,1923,0.00967,2.0000,3.4178,2,0.0000,104380,5.1503,1.9961,104380:5.15:2.00;104390:0.93:5.55;104410:1.44:3.69,NO
2025-06-18 02:55:00,104380.00,104506.25,104331.87,104506.25,29.6401,3094421.69,3250,13.9440,15.6960,-1.7520,-1615.2775,-5.91,2083,1167,0.00912,1.4712,2.9387,2,0.0000,104330,1.7249,4.0727,104330:1.72:4.07;104380:1.83:1.76;104350:1.49:2.03,NO
2025-06-18 03:00:00,104506.25,104706.07,104506.25,104706.07,48.9736,5123592.38,4073,31.6001,17.3734,14.2267,-1601.0508,29.05,2686,1387,0.01202,3.8718,5.0169,2,0.0000,104640,6.2213,3.0859,104640:6.22:3.09;104660:1.89:2.67;104610:4.04:0.43,NO
2025-06-18 03:05:00,104706.06,104822.31,104654.93,104801.00,37.6337,3942028.87,3527,22.8143,14.8193,7.9950,-1593.0558,21.24,2197,1330,0.01067,3.8718,8.9235,3,0.0000,104750,5.1958,1.4647,104750:5.20:1.46;104720:4.35:1.99;104790:4.39:0.73,NO
2025-06-18 03:10:00,104801.01,104801.01,104613.90,104728.39,33.3647,3493644.71,3148,13.5731,19.7916,-6.2185,-1599.2743,-18.64,1541,1607,0.01060,1.9030,1.9030,1,0.0000,104800,1.4454,5.3446,104800:1.45:5.34;104660:3.88:1.02;104640:1.48:1.90,NO
2025-06-18 03:15:00,104728.40,104728.40,104367.41,104489.86,59.7068,6239934.57,4590,14.8557,44.8511,-29.9954,-1629.2697,-50.24,1675,2915,0.01301,3.4545,14.6619,8,0.0000,104480,0.9901,6.3740,104480:0.99:6.37;104420:3.20:3.38;104680:3.56:1.09,NO
2025-06-18 03:20:00,104489.86,104554.61,104470.22,104475.27,25.0480,2617781.93,1767,11.2228,13.8252,-2.6024,-1631.8721,-10.39,997,770,0.01418,3.6109,5.8450,3,0.0000,104530,1.3530,3.5397,104530:1.35:3.54;104500:1.76:2.71;104470:3.71:0.12,NO
2025-06-18 03:25:00,104475.27,104581.14,104475.27,104552.58,32.0891,3354705.14,2077,19.2537,12.8354,6.4183,-1625.4538,20.00,1344,733,0.01545,1.4703,2.4703,2,0.0000,104560,4.8262,2.3520,104560:4.83:2.35;104550:2.57:3.49;104580:1.09:3.26,NO
2025-06-18 03:30:00,104552.59,104559.17,104407.09,104424.88,26.7993,2799560.19,3624,8.9435,17.8557,-8.9122,-1634.3660,-33.26,1547,2077,0.00739,0.9930,0.0000,0,0.0000,104420,1.9285,3.1281,104420:1.93:3.13;104460:1.50:3.02;104410:1.63:1.64,NO
2025-06-18 03:35:00,104424.89,104655.07,104424.89,104653.05,21.2814,2225186.81,2969,15.5363,5.7450,9.7913,-1624.5747,46.01,2143,826,0.00717,1.6185,2.6296,2,0.0000,104550,4.5043,0.1430,104550:4.50:0.14;104560:2.04:0.58;104480:0.54:1.70,NO
2025-06-18 03:40:00,104653.06,104694.82,104564.90,104680.00,15.0117,1570667.13,2013,6.8599,8.1518,-1.2919,-1625.8665,-8.61,1147,866,0.00746,0.6469,0.0000,0,0.0000,104650,0.9186,1.7278,104650:0.92:1.73;104660:2.07:0.07;104600:0.98:0.90,NO
2025-06-18 03:45:00,104680.00,104698.06,104615.69,104698.05,19.8697,2079382.97,1820,8.4415,11.4282,-2.9868,-1628.8533,-15.03,1011,809,0.01092,1.1470,2.2914,2,0.0000,104650,2.1618,2.2429,104650:2.16:2.24;104640:0.93:2.77;104630:0.56:3.12,NO
2025-06-18 03:50:00,104698.06,104731.61,104626.15,104666.76,27.6075,2890270.57,2851,11.4662,16.1413,-4.6752,-1633.5285,-16.93,1326,1525,0.00968,2.7155,2.7155,1,0.0000,104700,5.4403,3.1638,104700:5.44:3.16;104690:2.09:1.82;104720:0.55:2.43,NO
2025-06-18 03:55:00,104666.76,104702.62,104600.00,104600.01,32.7621,3429147.69,2003,10.4129,22.3493,-11.9364,-1645.4648,-36.43,826,1177,0.01636,5.0000,5.0000,1,5.0000,104690,0.3574,7.9320,104690:0.36:7.93;104680:2.25:4.33;104610:5.52:0.58,NO
2025-06-18 04:00:00,104600.00,104637.44,104460.31,104483.08,17.7474,1855611.83,2437,6.6616,11.0859,-4.4243,-1649.8891,-24.93,1034,1403,0.00728,0.7382,0.0000,0,0.0000,104580,1.3531,1.9941,104580:1.35:1.99;104560:1.65:1.02;104570:1.16:0.97,NO
2025-06-18 04:05:00,104483.08,104541.68,104443.04,104513.67,19.3728,2024363.89,1896,7.1673,12.2055,-5.0382,-1654.9274,-26.01,1101,795,0.01022,1.1975,1.1975,1,0.0000,104500,1.7703,3.9363,104500:1.77:3.94;104470:0.47:3.21;104530:1.78:0.40,NO
2025-06-18 04:10:00,104513.68,104616.10,104513.67,104596.15,26.4774,2769183.09,2188,9.3590,17.1184,-7.7594,-1662.6868,-29.31,1359,829,0.01210,1.6103,2.6103,2,0.0000,104600,0.7823,8.5906,104600:0.78:8.59;104590:0.82:4.29;104560:1.25:2.17,NO
2025-06-18 04:15:00,104596.15,104618.08,104546.07,104597.63,20.6467,2159427.07,2033,7.6974,12.9494,-5.2520,-1667.9388,-25.44,1001,1032,0.01016,1.1944,1.1944,1,0.0000,104600,2.5348,2.7776,104600:2.53:2.78;104610:1.00:3.01;104570:1.18:2.23,NO
2025-06-18 04:20:00,104597.63,104666.44,104526.00,104538.33,40.6330,4250291.22,2785,22.0126,18.6203,3.3923,-1664.5465,8.35,1278,1507,0.01459,4.2215,14.1734,6,0.0000,104600,8.7335,0.5737,104600:8.73:0.57;104610:4.99:1.97;104590:2.11:3.94,NO
2025-06-18 04:25:00,104538.33,104538.34,104203.85,104228.31,71.2234,7430848.41,4850,23.1229,48.1005,-24.9776,-1689.5241,-35.07,1534,3316,0.01469,2.3436,10.4957,7,0.0000,104520,0.1336,7.0807,104520:0.13:7.08;104280:4.18:2.99;104240:1.08:5.54,NO
2025-06-18 04:30:00,104228.31,104288.35,104228.31,104282.09,31.4217,3276031.32,2822,12.8001,18.6216,-5.8216,-1695.3457,-18.53,1820,1002,0.01113,3.3128,4.7528,2,0.0000,104240,1.6941,8.4292,104240:1.69:8.43;104260:4.31:2.97;104280:1.79:2.80,NO
2025-06-18 04:35:00,104282.10,104466.90,104282.09,104466.89,20.7768,2168550.77,2187,15.1916,5.5852,9.6064,-1685.7392,46.24,1874,313,0.00950,1.7482,4.1095,3,0.0000,104390,1.8291,2.1820,104390:1.83:2.18;104340:3.32:0.29;104380:1.64:0.20,NO
2025-06-18 04:40:00,104466.89,104466.90,104398.66,104435.46,22.2912,2328058.33,1875,5.9221,16.3691,-10.4470,-1696.1863,-46.87,986,889,0.01189,1.0640,2.0640,2,0.0000,104460,1.1959,5.6685,104460:1.20:5.67;104450:1.17:2.12;104430:0.68:2.38,NO
2025-06-18 04:45:00,104435.46,104535.65,104435.46,104516.16,31.6253,3305054.53,1871,21.6752,9.9501,11.7251,-1684.4612,37.08,1297,574,0.01690,4.3624,5.6174,2,0.0000,104510,7.4752,3.2409,104510:7.48:3.24;104520:4.59:2.41;104530:1.00:3.58,NO
2025-06-18 04:50:00,104516.17,104529.93,104510.00,104510.00,14.1758,1481647.95,1156,5.5113,8.6645,-3.1532,-1687.6144,-22.24,642,514,0.01226,1.0000,1.0000,1,0.0000,104510,2.9423,5.3827,104510:2.94:5.38;104520:2.57:3.28,NO
2025-06-18 04:55:00,104510.01,104571.49,104488.60,104570.54,19.2941,2016509.90,1489,9.9839,9.3101,0.6737,-1686.9406,3.49,1061,428,0.01296,2.3644,3.6973,2,0.0000,104500,4.9372,3.3406,104500:4.94:3.34;104480:0.80:2.73;104510:0.43:1.75,NO
2025-06-18 05:00:00,104570.55,104669.02,104570.54,104658.84,50.2698,5259117.99,2251,40.6190,9.6508,30.9682,-1655.9725,61.60,1593,658,0.02233,3.7628,13.0271,7,0.0000,104650,15.4134,0.6975,104650:15.41:0.70;104570:9.37:0.92;104580:5.76:1.75,NO
2025-06-18 05:05:00,104658.83,104700.00,104636.75,104699.99,16.6519,1742892.55,1498,7.1340,9.5180,-2.3840,-1658.3565,-14.32,990,508,0.01112,0.9975,0.0000,0,0.0000,104690,0.9317,2.5204,104690:0.93:2.52;104650:1.34:2.02;104630:0.61:2.16,NO
2025-06-18 05:10:00,104700.00,104712.01,104654.29,104700.01,30.7594,3220035.65,1930,13.7724,16.9870,-3.2146,-1661.5711,-10.45,1087,843,0.01594,3.2678,10.6907,6,0.0000,104690,7.5413,3.8257,104690:7.54:3.83;104680:0.69:4.05;104660:1.79:2.82,NO
2025-06-18 05:15:00,104700.00,104730.77,104667.84,104699.25,15.8615,1660774.34,1865,8.1722,7.6893,0.4829,-1661.0881,3.04,1172,693,0.00850,1.5727,2.7977,2,0.0000,104710,1.4221,3.6775,104710:1.42:3.68;104680:2.71:0.85;104690:1.23:1.49,NO
2025-06-18 05:20:00,104699.26,104699.26,104636.76,104636.76,35.9484,3762556.75,1958,4.2703,31.6781,-27.4078,-1688.4960,-76.24,1039,919,0.01836,6.1674,12.4389,5,6.1674,104660,1.3047,17.1948,104660:1.30:17.19;104650:0.69:5.12;104640:0.01:4.83,NO
2025-06-18 05:25:00,104636.77,104636.77,104551.16,104551.17,21.7705,2276902.13,1575,4.6210,17.1495,-12.5285,-1701.0244,-57.55,743,832,0.01382,1.6413,4.1236,3,0.0000,104590,1.1128,2.8258,104590:1.11:2.83;104570:0.15:3.66;104580:0.76:2.95,NO
